cid,cmpdname,cmpdsynonym,mw,mf,polararea,complexity,xlogp,heavycnt,hbonddonor,hbondacc,rotbonds,inchi,isosmiles,canonicalsmiles,inchikey,iupacname,exactmass,monoisotopicmass,charge,covalentunitcnt,isotopeatomcnt,totalatomstereocnt,definedatomstereocnt,undefinedatomstereocnt,totalbondstereocnt,definedbondstereocnt,undefinedbondstereocnt,pclidcnt,gpidcnt,gpfamilycnt,neighbortype,meshheadings,annothits,annothitcnt,aids,cidcdate,sidsrcname,depcatg,annotation
57339250,Human beta-amyloid peptide (1-40),Abeta40|131438-79-4|beta-Amyloid 1-40|Human beta-amyloid peptide (1-40)|Abeta40 [MI]|Abeta(1-40)|beta-Amyloid protein(1-40)|UNII-13539D6GO8|Human beta-amyloid peptide-(1-40)|Amyloid beta peptide(1-40) (synthetic)|13539D6GO8|Asp-Ala-Glu-Phe-Arg-His-Asp-Ser-Gly-Tyr-Glu-Val-His-His-Gln-Lys-Leu-Val-Phe-Phe-Ala-Glu-Asp-Val-Gly-Ser-Asn-Lys-Gly-Ala-Ile-Ile-Gly-Leu-Met-Val-Gly-Gly-Val-Val|beta-Amyloid (1-40)|beta-amyloid 40|DAEFRHDSGYEVHHQKLVFFAEDVGSNKGAIIGLMVGGVV|Beta-Amyloid(1-40)|Beta-amyloid protein 40|CHEBI:64646|Amyloid beta-Peptide 1-40 TFA|EX-A7736|AKOS024456454|Amyloid ?-Peptide (1-40) (human),4330.000,C194H295N53O58S,1790.000,10500.000,-13.100,306,60,66,145,"InChI=1S/C194H295N53O58S/c1-25-102(19)158(188(299)211-87-143(256)218-124(67-94(3)4)174(285)228-123(62-66-306-24)172(283)241-152(96(7)8)186(297)209-83-140(253)206-84-145(258)240-154(98(11)12)191(302)245-157(101(17)18)193(304)305)247-192(303)159(103(20)26-2)246-162(273)104(21)215-141(254)85-207-164(275)116(47-36-38-63-195)223-181(292)133(77-139(199)252)234-185(296)137(90-249)220-144(257)88-210-187(298)153(97(9)10)242-184(295)135(79-151(269)270)235-170(281)121(56-60-147(261)262)222-161(272)106(23)217-173(284)127(69-107-41-30-27-31-42-107)231-177(288)129(71-109-45-34-29-35-46-109)237-189(300)156(100(15)16)244-183(294)125(68-95(5)6)229-166(277)117(48-37-39-64-196)224-168(279)119(54-58-138(198)251)226-178(289)130(73-111-80-202-91-212-111)233-180(291)132(75-113-82-204-93-214-113)238-190(301)155(99(13)14)243-171(282)122(57-61-148(263)264)227-175(286)126(72-110-50-52-114(250)53-51-110)219-142(255)86-208-165(276)136(89-248)239-182(293)134(78-150(267)268)236-179(290)131(74-112-81-203-92-213-112)232-167(278)118(49-40-65-205-194(200)201)225-176(287)128(70-108-43-32-28-33-44-108)230-169(280)120(55-59-146(259)260)221-160(271)105(22)216-163(274)115(197)76-149(265)266/h27-35,41-46,50-53,80-82,91-106,115-137,152-159,248-250H,25-26,36-40,47-49,54-79,83-90,195-197H2,1-24H3,(H2,198,251)(H2,199,252)(H,202,212)(H,203,213)(H,204,214)(H,206,253)(H,207,275)(H,208,276)(H,209,297)(H,210,298)(H,211,299)(H,215,254)(H,216,274)(H,217,284)(H,218,256)(H,219,255)(H,220,257)(H,221,271)(H,222,272)(H,223,292)(H,224,279)(H,225,287)(H,226,289)(H,227,286)(H,228,285)(H,229,277)(H,230,280)(H,231,288)(H,232,278)(H,233,291)(H,234,296)(H,235,281)(H,236,290)(H,237,300)(H,238,301)(H,239,293)(H,240,258)(H,241,283)(H,242,295)(H,243,282)(H,244,294)(H,245,302)(H,246,273)(H,247,303)(H,259,260)(H,261,262)(H,263,264)(H,265,266)(H,267,268)(H,269,270)(H,304,305)(H4,200,201,205)/t102-,103-,104-,105-,106-,115-,116-,117-,118-,119-,120-,121-,122-,123-,124-,125-,126-,127-,128-,129-,130-,131-,132-,133-,134-,135-,136-,137-,152-,153-,154-,155-,156-,157-,158-,159-/m0/s1",CC[C@H](C)[C@@H](C(=O)N[C@@H]([C@@H](C)CC)C(=O)NCC(=O)N[C@@H](CC(C)C)C(=O)N[C@@H](CCSC)C(=O)N[C@@H](C(C)C)C(=O)NCC(=O)NCC(=O)N[C@@H](C(C)C)C(=O)N[C@@H](C(C)C)C(=O)O)NC(=O)[C@H](C)NC(=O)CNC(=O)[C@H](CCCCN)NC(=O)[C@H](CC(=O)N)NC(=O)[C@H](CO)NC(=O)CNC(=O)[C@H](C(C)C)NC(=O)[C@H](CC(=O)O)NC(=O)[C@H](CCC(=O)O)NC(=O)[C@H](C)NC(=O)[C@H](CC1=CC=CC=C1)NC(=O)[C@H](CC2=CC=CC=C2)NC(=O)[C@H](C(C)C)NC(=O)[C@H](CC(C)C)NC(=O)[C@H](CCCCN)NC(=O)[C@H](CCC(=O)N)NC(=O)[C@H](CC3=CNC=N3)NC(=O)[C@H](CC4=CNC=N4)NC(=O)[C@H](C(C)C)NC(=O)[C@H](CCC(=O)O)NC(=O)[C@H](CC5=CC=C(C=C5)O)NC(=O)CNC(=O)[C@H](CO)NC(=O)[C@H](CC(=O)O)NC(=O)[C@H](CC6=CNC=N6)NC(=O)[C@H](CCCNC(=N)N)NC(=O)[C@H](CC7=CC=CC=C7)NC(=O)[C@H](CCC(=O)O)NC(=O)[C@H](C)NC(=O)[C@H](CC(=O)O)N,CCC(C)C(C(=O)NC(C(C)CC)C(=O)NCC(=O)NC(CC(C)C)C(=O)NC(CCSC)C(=O)NC(C(C)C)C(=O)NCC(=O)NCC(=O)NC(C(C)C)C(=O)NC(C(C)C)C(=O)O)NC(=O)C(C)NC(=O)CNC(=O)C(CCCCN)NC(=O)C(CC(=O)N)NC(=O)C(CO)NC(=O)CNC(=O)C(C(C)C)NC(=O)C(CC(=O)O)NC(=O)C(CCC(=O)O)NC(=O)C(C)NC(=O)C(CC1=CC=CC=C1)NC(=O)C(CC2=CC=CC=C2)NC(=O)C(C(C)C)NC(=O)C(CC(C)C)NC(=O)C(CCCCN)NC(=O)C(CCC(=O)N)NC(=O)C(CC3=CNC=N3)NC(=O)C(CC4=CNC=N4)NC(=O)C(C(C)C)NC(=O)C(CCC(=O)O)NC(=O)C(CC5=CC=C(C=C5)O)NC(=O)CNC(=O)C(CO)NC(=O)C(CC(=O)O)NC(=O)C(CC6=CNC=N6)NC(=O)C(CCCNC(=N)N)NC(=O)C(CC7=CC=CC=C7)NC(=O)C(CCC(=O)O)NC(=O)C(C)NC(=O)C(CC(=O)O)N,FEWOUVRMGWFWIH-ILZZQXMPSA-N,"(4S)-5-[[(2S)-1-[[(2S)-1-[[(2S)-1-[[(2S)-1-[[(2S)-1-[[2-[[(2S)-1-[[(2S)-1-[[(2S)-1-[[(2S)-1-[[(2S)-1-[[(2S)-5-amino-1-[[(2S)-6-amino-1-[[(2S)-1-[[(2S)-1-[[(2S)-1-[[(2S)-1-[[(2S)-1-[[(2S)-1-[[(2S)-1-[[(2S)-1-[[2-[[(2S)-1-[[(2S)-4-amino-1-[[(2S)-6-amino-1-[[2-[[(2S)-1-[[(2S,3S)-1-[[(2S,3S)-1-[[2-[[(2S)-1-[[(2S)-1-[[(2S)-1-[[2-[[2-[[(2S)-1-[[(1S)-1-carboxy-2-methylpropyl]amino]-3-methyl-1-oxobutan-2-yl]amino]-2-oxoethyl]amino]-2-oxoethyl]amino]-3-methyl-1-oxobutan-2-yl]amino]-4-methylsulfanyl-1-oxobutan-2-yl]amino]-4-methyl-1-oxopentan-2-yl]amino]-2-oxoethyl]amino]-3-methyl-1-oxopentan-2-yl]amino]-3-methyl-1-oxopentan-2-yl]amino]-1-oxopropan-2-yl]amino]-2-oxoethyl]amino]-1-oxohexan-2-yl]amino]-1,4-dioxobutan-2-yl]amino]-3-hydroxy-1-oxopropan-2-yl]amino]-2-oxoethyl]amino]-3-methyl-1-oxobutan-2-yl]amino]-3-carboxy-1-oxopropan-2-yl]amino]-4-carboxy-1-oxobutan-2-yl]amino]-1-oxopropan-2-yl]amino]-1-oxo-3-phenylpropan-2-yl]amino]-1-oxo-3-phenylpropan-2-yl]amino]-3-methyl-1-oxobutan-2-yl]amino]-4-methyl-1-oxopentan-2-yl]amino]-1-oxohexan-2-yl]amino]-1,5-dioxopentan-2-yl]amino]-3-(1H-imidazol-4-yl)-1-oxopropan-2-yl]amino]-3-(1H-imidazol-4-yl)-1-oxopropan-2-yl]amino]-3-methyl-1-oxobutan-2-yl]amino]-4-carboxy-1-oxobutan-2-yl]amino]-3-(4-hydroxyphenyl)-1-oxopropan-2-yl]amino]-2-oxoethyl]amino]-3-hydroxy-1-oxopropan-2-yl]amino]-3-carboxy-1-oxopropan-2-yl]amino]-3-(1H-imidazol-4-yl)-1-oxopropan-2-yl]amino]-5-carbamimidamido-1-oxopentan-2-yl]amino]-1-oxo-3-phenylpropan-2-yl]amino]-4-[[(2S)-2-[[(2S)-2-amino-3-carboxypropanoyl]amino]propanoyl]amino]-5-oxopentanoic acid",4329.16,4327.15,0,1,0,36,36,0,0,0,0,3332,1369,363,2D,NULL,Classification|Literature|Patents,4,NULL,20120703,"AbMole Bioscience|Adooq BioScience|AKos Consulting & Solutions|Aurora Fine Chemicals LLC|BenchChem|BOC Sciences|California Peptide Research, Inc.|ChEBI|ChemIDplus|CreativePeptides|CymitQuimica|Excenen Pharmatech|Google Patents|J&H Chemical Co.,ltd|LabNetwork, a WuXi AppTec Company|RR Scientific|Smolecule|Starshine Chemical|THE BioTek|Tocris Bioscience|ToxPlanet",Chemical Vendors|Curation Efforts|Governmental Organizations|Legacy Depositors|Research and Development|Subscription Services,NULL
71773143,beta-Amyloid Peptide (1-42) (human),Beta-amyloid(1-42)human|an1792|Amyloid |A-Peptide (1-42)|HB9805|A|A1-42|beta-Amyloid Peptide (1-42) (human),4514.000,C203H311N55O60S,1840.000,11400.000,-13.700,319,59,68,151,"InChI=1S/C203H311N55O60S/c1-28-106(20)164(195(310)220-91-149(267)228-130(71-98(4)5)181(296)238-129(66-70-319-27)179(294)251-158(100(8)9)193(308)218-87-146(264)215-88-151(269)250-160(102(12)13)198(313)255-163(105(18)19)199(314)258-165(107(21)29-2)200(315)227-112(26)202(317)318)257-201(316)166(108(22)30-3)256-169(284)109(23)224-147(265)89-216-171(286)122(51-40-42-67-204)233-188(303)139(81-145(208)263)244-192(307)143(94-260)230-150(268)92-219-194(309)159(101(10)11)252-191(306)141(83-157(280)281)245-177(292)127(60-64-153(272)273)232-168(283)111(25)226-180(295)133(73-113-45-34-31-35-46-113)241-184(299)135(75-115-49-38-33-39-50-115)247-196(311)162(104(16)17)254-190(305)131(72-99(6)7)239-173(288)123(52-41-43-68-205)234-175(290)125(58-62-144(207)262)236-185(300)136(77-117-84-211-95-221-117)243-187(302)138(79-119-86-213-97-223-119)248-197(312)161(103(14)15)253-178(293)128(61-65-154(274)275)237-182(297)132(76-116-54-56-120(261)57-55-116)229-148(266)90-217-172(287)142(93-259)249-189(304)140(82-156(278)279)246-186(301)137(78-118-85-212-96-222-118)242-174(289)124(53-44-69-214-203(209)210)235-183(298)134(74-114-47-36-32-37-48-114)240-176(291)126(59-63-152(270)271)231-167(282)110(24)225-170(285)121(206)80-155(276)277/h31-39,45-50,54-57,84-86,95-112,117-119,121-143,158-166,259-261H,28-30,40-44,51-53,58-83,87-94,204-206H2,1-27H3,(H2,207,262)(H2,208,263)(H,215,264)(H,216,286)(H,217,287)(H,218,308)(H,219,309)(H,220,310)(H,224,265)(H,225,285)(H,226,295)(H,227,315)(H,228,267)(H,229,266)(H,230,268)(H,231,282)(H,232,283)(H,233,303)(H,234,290)(H,235,298)(H,236,300)(H,237,297)(H,238,296)(H,239,288)(H,240,291)(H,241,299)(H,242,289)(H,243,302)(H,244,307)(H,245,292)(H,246,301)(H,247,311)(H,248,312)(H,249,304)(H,250,269)(H,251,294)(H,252,306)(H,253,293)(H,254,305)(H,255,313)(H,256,284)(H,257,316)(H,258,314)(H,270,271)(H,272,273)(H,274,275)(H,276,277)(H,278,279)(H,280,281)(H,317,318)(H4,209,210,214)/t106-,107-,108-,109-,110-,111-,112-,117?,118?,119?,121-,122-,123-,124-,125-,126-,127-,128-,129-,130-,131-,132-,133-,134-,135-,136-,137-,138-,139-,140-,141-,142-,143-,158-,159-,160-,161-,162-,163-,164-,165-,166-/m0/s1",CC[C@H](C)[C@@H](C(=O)N[C@@H]([C@@H](C)CC)C(=O)NCC(=O)N[C@@H](CC(C)C)C(=O)N[C@@H](CCSC)C(=O)N[C@@H](C(C)C)C(=O)NCC(=O)NCC(=O)N[C@@H](C(C)C)C(=O)N[C@@H](C(C)C)C(=O)N[C@@H]([C@@H](C)CC)C(=O)N[C@@H](C)C(=O)O)NC(=O)[C@H](C)NC(=O)CNC(=O)[C@H](CCCCN)NC(=O)[C@H](CC(=O)N)NC(=O)[C@H](CO)NC(=O)CNC(=O)[C@H](C(C)C)NC(=O)[C@H](CC(=O)O)NC(=O)[C@H](CCC(=O)O)NC(=O)[C@H](C)NC(=O)[C@H](CC1=CC=CC=C1)NC(=O)[C@H](CC2=CC=CC=C2)NC(=O)[C@H](C(C)C)NC(=O)[C@H](CC(C)C)NC(=O)[C@H](CCCCN)NC(=O)[C@H](CCC(=O)N)NC(=O)[C@H](CC3C=NC=N3)NC(=O)[C@H](CC4C=NC=N4)NC(=O)[C@H](C(C)C)NC(=O)[C@H](CCC(=O)O)NC(=O)[C@H](CC5=CC=C(C=C5)O)NC(=O)CNC(=O)[C@H](CO)NC(=O)[C@H](CC(=O)O)NC(=O)[C@H](CC6C=NC=N6)NC(=O)[C@H](CCCNC(=N)N)NC(=O)[C@H](CC7=CC=CC=C7)NC(=O)[C@H](CCC(=O)O)NC(=O)[C@H](C)NC(=O)[C@H](CC(=O)O)N,CCC(C)C(C(=O)NC(C(C)CC)C(=O)NCC(=O)NC(CC(C)C)C(=O)NC(CCSC)C(=O)NC(C(C)C)C(=O)NCC(=O)NCC(=O)NC(C(C)C)C(=O)NC(C(C)C)C(=O)NC(C(C)CC)C(=O)NC(C)C(=O)O)NC(=O)C(C)NC(=O)CNC(=O)C(CCCCN)NC(=O)C(CC(=O)N)NC(=O)C(CO)NC(=O)CNC(=O)C(C(C)C)NC(=O)C(CC(=O)O)NC(=O)C(CCC(=O)O)NC(=O)C(C)NC(=O)C(CC1=CC=CC=C1)NC(=O)C(CC2=CC=CC=C2)NC(=O)C(C(C)C)NC(=O)C(CC(C)C)NC(=O)C(CCCCN)NC(=O)C(CCC(=O)N)NC(=O)C(CC3C=NC=N3)NC(=O)C(CC4C=NC=N4)NC(=O)C(C(C)C)NC(=O)C(CCC(=O)O)NC(=O)C(CC5=CC=C(C=C5)O)NC(=O)CNC(=O)C(CO)NC(=O)C(CC(=O)O)NC(=O)C(CC6C=NC=N6)NC(=O)C(CCCNC(=N)N)NC(=O)C(CC7=CC=CC=C7)NC(=O)C(CCC(=O)O)NC(=O)C(C)NC(=O)C(CC(=O)O)N,XPESWQNHKICWDY-QYFPAAMGSA-N,"(4S)-5-[[(2S)-1-[[(2S)-1-[[(2S)-1-[[(2S)-1-[[(2S)-1-[[2-[[(2S)-1-[[(2S)-1-[[(2S)-1-[[(2S)-1-[[(2S)-1-[[(2S)-5-amino-1-[[(2S)-6-amino-1-[[(2S)-1-[[(2S)-1-[[(2S)-1-[[(2S)-1-[[(2S)-1-[[(2S)-1-[[(2S)-1-[[(2S)-1-[[2-[[(2S)-1-[[(2S)-4-amino-1-[[(2S)-6-amino-1-[[2-[[(2S)-1-[[(2S,3S)-1-[[(2S,3S)-1-[[2-[[(2S)-1-[[(2S)-1-[[(2S)-1-[[2-[[2-[[(2S)-1-[[(2S)-1-[[(2S,3S)-1-[[(1S)-1-carboxyethyl]amino]-3-methyl-1-oxopentan-2-yl]amino]-3-methyl-1-oxobutan-2-yl]amino]-3-methyl-1-oxobutan-2-yl]amino]-2-oxoethyl]amino]-2-oxoethyl]amino]-3-methyl-1-oxobutan-2-yl]amino]-4-methylsulfanyl-1-oxobutan-2-yl]amino]-4-methyl-1-oxopentan-2-yl]amino]-2-oxoethyl]amino]-3-methyl-1-oxopentan-2-yl]amino]-3-methyl-1-oxopentan-2-yl]amino]-1-oxopropan-2-yl]amino]-2-oxoethyl]amino]-1-oxohexan-2-yl]amino]-1,4-dioxobutan-2-yl]amino]-3-hydroxy-1-oxopropan-2-yl]amino]-2-oxoethyl]amino]-3-methyl-1-oxobutan-2-yl]amino]-3-carboxy-1-oxopropan-2-yl]amino]-4-carboxy-1-oxobutan-2-yl]amino]-1-oxopropan-2-yl]amino]-1-oxo-3-phenylpropan-2-yl]amino]-1-oxo-3-phenylpropan-2-yl]amino]-3-methyl-1-oxobutan-2-yl]amino]-4-methyl-1-oxopentan-2-yl]amino]-1-oxohexan-2-yl]amino]-1,5-dioxopentan-2-yl]amino]-3-(4H-imidazol-4-yl)-1-oxopropan-2-yl]amino]-3-(4H-imidazol-4-yl)-1-oxopropan-2-yl]amino]-3-methyl-1-oxobutan-2-yl]amino]-4-carboxy-1-oxobutan-2-yl]amino]-3-(4-hydroxyphenyl)-1-oxopropan-2-yl]amino]-2-oxoethyl]amino]-3-hydroxy-1-oxopropan-2-yl]amino]-3-carboxy-1-oxopropan-2-yl]amino]-3-(4H-imidazol-4-yl)-1-oxopropan-2-yl]amino]-5-carbamimidamido-1-oxopentan-2-yl]amino]-1-oxo-3-phenylpropan-2-yl]amino]-4-[[(2S)-2-[[(2S)-2-amino-3-carboxypropanoyl]amino]propanoyl]amino]-5-oxopentanoic acid",4513.28,4511.27,0,1,0,42,39,3,0,0,0,375,0,0,2D,NULL,Classification|Literature|Patents,3,NULL,20131113,AbMole Bioscience|CreativePeptides|Hello Bio|MuseChem|PATENTSCOPE (WIPO)|Springer Nature|ToxPlanet,Chemical Vendors|Governmental Organizations|Journal Publishers|Legacy Depositors|Research and Development|Subscription Services,NULL
91618027,N6-(beta-amyloid protein 42-(1-7)-peptidyl-cysteinyl-S-(2-oxoethyl))lysine,W5Y3KOX4Y9|Q27292360|N6-(.BETA.-AMYLOID PROTEIN 42-(1-7)-PEPTIDYL-CYSTEINYL-S-(2-OXOETHYL))LYSINE|N6-(beta-amyloid protein 42-(1-7)-peptidyl-cysteinyl-S-(2-oxoethyl))lysine|N6-(BETA-AMYLOID PROTEIN 42-(1-7)-PEPTIDYL-S-(2-OXOETHYL)- CYSTEINYL)LYSINE,1178.200,C48H71N15O18S,590.000,2250.000,-9.800,82,18,23,40,"InChI=1S/C48H71N15O18S/c1-24(57-40(72)28(50)18-37(67)68)39(71)58-30(12-13-36(65)66)42(74)60-31(16-25-8-3-2-4-9-25)43(75)59-29(11-7-15-55-48(51)52)41(73)61-32(17-26-20-53-23-56-26)44(76)62-33(19-38(69)70)45(77)63-34(47(80)81)21-82-22-35(64)54-14-6-5-10-27(49)46(78)79/h2-4,8-9,20,23-24,27-34H,5-7,10-19,21-22,49-50H2,1H3,(H,53,56)(H,54,64)(H,57,72)(H,58,71)(H,59,75)(H,60,74)(H,61,73)(H,62,76)(H,63,77)(H,65,66)(H,67,68)(H,69,70)(H,78,79)(H,80,81)(H4,51,52,55)/t24-,27-,28-,29-,30-,31-,32-,33-,34-/m0/s1",C[C@@H](C(=O)N[C@@H](CCC(=O)O)C(=O)N[C@@H](CC1=CC=CC=C1)C(=O)N[C@@H](CCCN=C(N)N)C(=O)N[C@@H](CC2=CN=CN2)C(=O)N[C@@H](CC(=O)O)C(=O)N[C@@H](CSCC(=O)NCCCC[C@@H](C(=O)O)N)C(=O)O)NC(=O)[C@H](CC(=O)O)N,CC(C(=O)NC(CCC(=O)O)C(=O)NC(CC1=CC=CC=C1)C(=O)NC(CCCN=C(N)N)C(=O)NC(CC2=CN=CN2)C(=O)NC(CC(=O)O)C(=O)NC(CSCC(=O)NCCCCC(C(=O)O)N)C(=O)O)NC(=O)C(CC(=O)O)N,KXMXYKOMUIVPBN-GUJNWKEGSA-N,(2S)-2-amino-6-[[2-[(2R)-2-[[(2S)-2-[[(2S)-2-[[(2S)-2-[[(2S)-2-[[(2S)-2-[[(2S)-2-[[(2S)-2-amino-3-carboxypropanoyl]amino]propanoyl]amino]-4-carboxybutanoyl]amino]-3-phenylpropanoyl]amino]-5-(diaminomethylideneamino)pentanoyl]amino]-3-(1H-imidazol-5-yl)propanoyl]amino]-3-carboxypropanoyl]amino]-2-carboxyethyl]sulfanylacetyl]amino]hexanoic acid,1177.48,1177.48,0,1,0,9,9,0,0,0,0,0,0,0,2D,NULL,NULL,0,NULL,20150318,"Egon Willighagen (Dept. of Bioinformatics - BiGCaT, Maastricht University)|FDA Global Substance Registration System (GSRS)|Wikidata",Curation Efforts|Governmental Organizations,NULL
9897590,Human beta-amyloid protein 42 (1-7),Vanutide|Human beta-amyloid protein 42 (1-7)|UNII-L81Z62MUL2|310901-06-5|L81Z62MUL2|Amino-terminus heptapeptide of human beta-amyloid protein 42|L-alpha-Aspartyl-L-alanyl-L-alpha-glutamyl-L-phenylalanyl-L- arginyl-L-histidyl-L-alpha-aspartyl-L-cysteine|(2S)-2-[[(2S)-2-[[(2S)-2-[[(2S)-2-[[(2S)-2-[[(2S)-2-[[(2S)-2-amino-3-carboxypropanoyl]amino]propanoyl]amino]-4-carboxybutanoyl]amino]-3-phenylpropanoyl]amino]-5-(diaminomethylideneamino)pentanoyl]amino]-3-(1H-imidazol-5-yl)propanoyl]amino]butanedioic acid|AKOS040752042|Q27282824,888.900,C37H52N12O14,443.000,1670.000,-6.600,63,14,17,28,"InChI=1S/C37H52N12O14/c1-18(44-31(57)21(38)14-28(52)53)30(56)45-23(9-10-27(50)51)33(59)47-24(12-19-6-3-2-4-7-19)34(60)46-22(8-5-11-42-37(39)40)32(58)48-25(13-20-16-41-17-43-20)35(61)49-26(36(62)63)15-29(54)55/h2-4,6-7,16-18,21-26H,5,8-15,38H2,1H3,(H,41,43)(H,44,57)(H,45,56)(H,46,60)(H,47,59)(H,48,58)(H,49,61)(H,50,51)(H,52,53)(H,54,55)(H,62,63)(H4,39,40,42)/t18-,21-,22-,23-,24-,25-,26-/m0/s1",C[C@@H](C(=O)N[C@@H](CCC(=O)O)C(=O)N[C@@H](CC1=CC=CC=C1)C(=O)N[C@@H](CCCN=C(N)N)C(=O)N[C@@H](CC2=CN=CN2)C(=O)N[C@@H](CC(=O)O)C(=O)O)NC(=O)[C@H](CC(=O)O)N,CC(C(=O)NC(CCC(=O)O)C(=O)NC(CC1=CC=CC=C1)C(=O)NC(CCCN=C(N)N)C(=O)NC(CC2=CN=CN2)C(=O)NC(CC(=O)O)C(=O)O)NC(=O)C(CC(=O)O)N,NAXHRWJOLGQQHO-NWIIOLSNSA-N,(2S)-2-[[(2S)-2-[[(2S)-2-[[(2S)-2-[[(2S)-2-[[(2S)-2-[[(2S)-2-amino-3-carboxypropanoyl]amino]propanoyl]amino]-4-carboxybutanoyl]amino]-3-phenylpropanoyl]amino]-5-(diaminomethylideneamino)pentanoyl]amino]-3-(1H-imidazol-5-yl)propanoyl]amino]butanedioic acid,888.373,888.373,0,1,0,7,7,0,0,0,0,0,4,4,2D,NULL,Classification|Literature|Patents,3,NULL,20061025,"AKos Consulting & Solutions|BenchChem|ChemIDplus|ChemSpider|Egon Willighagen (Dept. of Bioinformatics - BiGCaT, Maastricht University)|Google Patents|NextBio|Starshine Chemical|THE BioTek|Thomson Pharma|ToxPlanet|Wikidata",Chemical Vendors|Curation Efforts|Governmental Organizations|Journal Publishers|Legacy Depositors|Research and Development|Subscription Services,NULL
76957148,"beta-Amyloid protein-(1-6)-peptidylglycylglycyl-L-cysteine-3-(2,5-dioxo-2,5-dihydro-1H-pyrrole-1-YL)-N-(6-((2,5-dioxopyrrolidin-1-YL)oxy)-6-oxohexyl)propanamide-lysine","VXW55WQ4I6|Q27292076|.BETA.-AMYLOID PROTEIN-(1-6)-PEPTIDYLGLYCYLGLYCYL-L-CYSTEINE-3-(2,5-DIOXO-2,5-DIHYDRO-1H-PYRROLE-1-YL)-N-(6-((2,5-DIOXOPYRROLIDIN-1-YL)OXY)-6-OXOHEXYL)PROPANAMIDE-LYSINE|beta-amyloid protein-(1-6)-peptidylglycylglycyl-L-cysteine-3-(2,5-dioxo-2,5-dihydro-1H-pyrrole-1-yl)-N-(6-((2,5-dioxopyrrolidin-1-yl)oxy)-6-oxohexyl)propanamide-lysine",1401.500,C59H88N18O20S,648.000,2810.000,-10.700,98,19,25,48,"InChI=1S/C59H88N18O20S/c1-32(71-51(88)36(61)25-49(85)86)50(87)73-38(16-17-48(83)84)54(91)75-39(23-33-11-4-2-5-12-33)55(92)74-37(14-10-21-67-59(62)63)53(90)76-40(24-34-27-64-31-70-34)52(89)69-28-45(80)68-29-46(81)72-41(58(96)97)30-98-42-26-47(82)77(56(42)93)22-18-44(79)66-19-8-3-6-15-43(78)65-20-9-7-13-35(60)57(94)95/h2,4-5,11-12,27,31-32,35-42H,3,6-10,13-26,28-30,60-61H2,1H3,(H,64,70)(H,65,78)(H,66,79)(H,68,80)(H,69,89)(H,71,88)(H,72,81)(H,73,87)(H,74,92)(H,75,91)(H,76,90)(H,83,84)(H,85,86)(H,94,95)(H,96,97)(H4,62,63,67)/t32-,35-,36-,37-,38-,39-,40-,41-,42?/m0/s1",C[C@@H](C(=O)N[C@@H](CCC(=O)O)C(=O)N[C@@H](CC1=CC=CC=C1)C(=O)N[C@@H](CCCN=C(N)N)C(=O)N[C@@H](CC2=CN=CN2)C(=O)NCC(=O)NCC(=O)N[C@@H](CSC3CC(=O)N(C3=O)CCC(=O)NCCCCCC(=O)NCCCC[C@@H](C(=O)O)N)C(=O)O)NC(=O)[C@H](CC(=O)O)N,CC(C(=O)NC(CCC(=O)O)C(=O)NC(CC1=CC=CC=C1)C(=O)NC(CCCN=C(N)N)C(=O)NC(CC2=CN=CN2)C(=O)NCC(=O)NCC(=O)NC(CSC3CC(=O)N(C3=O)CCC(=O)NCCCCCC(=O)NCCCCC(C(=O)O)N)C(=O)O)NC(=O)C(CC(=O)O)N,JTAPVIVABNFKBM-ULFFCLSASA-N,"(2S)-2-amino-6-[6-[3-[3-[(2R)-2-[[2-[[2-[[(2S)-2-[[(2S)-2-[[(2S)-2-[[(2S)-2-[[(2S)-2-[[(2S)-2-amino-3-carboxypropanoyl]amino]propanoyl]amino]-4-carboxybutanoyl]amino]-3-phenylpropanoyl]amino]-5-(diaminomethylideneamino)pentanoyl]amino]-3-(1H-imidazol-5-yl)propanoyl]amino]acetyl]amino]acetyl]amino]-2-carboxyethyl]sulfanyl-2,5-dioxopyrrolidin-1-yl]propanoylamino]hexanoylamino]hexanoic acid",1400.61,1400.61,0,1,0,9,8,1,0,0,0,0,0,0,2D,NULL,NULL,0,NULL,20140825,"Egon Willighagen (Dept. of Bioinformatics - BiGCaT, Maastricht University)|FDA Global Substance Registration System (GSRS)",Curation Efforts|Governmental Organizations,NULL
76964040,"beta-Amyloid protein-(1-6)-peptidylglycylglycyl-L-cysteine-3-(2,5-dioxo-2,5-dihydro-1H-pyrrole-1-YL)-N-(6-((2,5-dioxopyrrolidin-1-YL)oxy)-6-oxohexyl)propanamide-alanine","2XE7GZ31Y1|Q27255756|.BETA.-AMYLOID PROTEIN-(1-6)-PEPTIDYLGLYCYLGLYCYL-L-CYSTEINE-3-(2,5-DIOXO-2,5-DIHYDRO-1H-PYRROLE-1-YL)-N-(6-((2,5-DIOXOPYRROLIDIN-1-YL)OXY)-6-OXOHEXYL)PROPANAMIDE-ALANINE|beta-amyloid protein-(1-6)-peptidylglycylglycyl-L-cysteine-3-(2,5-dioxo-2,5-dihydro-1H-pyrrole-1-yl)-N-(6-((2,5-dioxopyrrolidin-1-yl)oxy)-6-oxohexyl)propanamide-alanine",1344.400,C56H81N17O20S,622.000,2730.000,-8.200,94,18,24,44,"InChI=1S/C56H81N17O20S/c1-29(67-48(84)33(57)22-46(81)82)47(83)69-35(14-15-45(79)80)51(87)71-36(20-31-10-5-3-6-11-31)52(88)70-34(12-9-18-62-56(58)59)50(86)72-37(21-32-24-60-28-65-32)49(85)64-25-42(76)63-26-43(77)68-38(55(92)93)27-94-39-23-44(78)73(53(39)89)19-16-40(74)61-17-8-4-7-13-41(75)66-30(2)54(90)91/h3,5-6,10-11,24,28-30,33-39H,4,7-9,12-23,25-27,57H2,1-2H3,(H,60,65)(H,61,74)(H,63,76)(H,64,85)(H,66,75)(H,67,84)(H,68,77)(H,69,83)(H,70,88)(H,71,87)(H,72,86)(H,79,80)(H,81,82)(H,90,91)(H,92,93)(H4,58,59,62)/t29-,30-,33-,34-,35-,36-,37-,38-,39?/m0/s1",C[C@@H](C(=O)N[C@@H](CCC(=O)O)C(=O)N[C@@H](CC1=CC=CC=C1)C(=O)N[C@@H](CCCN=C(N)N)C(=O)N[C@@H](CC2=CN=CN2)C(=O)NCC(=O)NCC(=O)N[C@@H](CSC3CC(=O)N(C3=O)CCC(=O)NCCCCCC(=O)N[C@@H](C)C(=O)O)C(=O)O)NC(=O)[C@H](CC(=O)O)N,CC(C(=O)NC(CCC(=O)O)C(=O)NC(CC1=CC=CC=C1)C(=O)NC(CCCN=C(N)N)C(=O)NC(CC2=CN=CN2)C(=O)NCC(=O)NCC(=O)NC(CSC3CC(=O)N(C3=O)CCC(=O)NCCCCCC(=O)NC(C)C(=O)O)C(=O)O)NC(=O)C(CC(=O)O)N,DOYBUTZJQYVVHJ-NACAPGDZSA-N,"(4S)-4-[[(2S)-2-[[(2S)-2-amino-3-carboxypropanoyl]amino]propanoyl]amino]-5-[[(2S)-1-[[(2S)-1-[[(2S)-1-[[2-[[2-[[(1R)-1-carboxy-2-[1-[3-[[6-[[(1S)-1-carboxyethyl]amino]-6-oxohexyl]amino]-3-oxopropyl]-2,5-dioxopyrrolidin-3-yl]sulfanylethyl]amino]-2-oxoethyl]amino]-2-oxoethyl]amino]-3-(1H-imidazol-5-yl)-1-oxopropan-2-yl]amino]-5-(diaminomethylideneamino)-1-oxopentan-2-yl]amino]-1-oxo-3-phenylpropan-2-yl]amino]-5-oxopentanoic acid",1343.56,1343.56,0,1,0,9,8,1,0,0,0,0,0,0,2D,NULL,NULL,0,NULL,20140825,"Egon Willighagen (Dept. of Bioinformatics - BiGCaT, Maastricht University)|FDA Global Substance Registration System (GSRS)|Wikidata",Curation Efforts|Governmental Organizations,NULL
155977579,Beta-Amyloid (15-21) acetate,b-Amyloid 15-21 acetate|Beta-Amyloid (15-21) acetate|AKOS040763923,912.100,C45H69N9O11,344.000,1480.000,NULL,65,11,13,27,"InChI=1S/C43H65N9O9.C2H4O2/c1-25(2)22-32(49-38(55)31(18-12-13-21-44)48-37(54)30(45)19-20-35(46)53)41(58)52-36(26(3)4)42(59)51-34(24-29-16-10-7-11-17-29)40(57)50-33(23-28-14-8-6-9-15-28)39(56)47-27(5)43(60)61;1-2(3)4/h6-11,14-17,25-27,30-34,36H,12-13,18-24,44-45H2,1-5H3,(H2,46,53)(H,47,56)(H,48,54)(H,49,55)(H,50,57)(H,51,59)(H,52,58)(H,60,61);1H3,(H,3,4)/t27-,30-,31-,32-,33-,34-,36-;/m0./s1",C[C@@H](C(=O)O)NC(=O)[C@H](CC1=CC=CC=C1)NC(=O)[C@H](CC2=CC=CC=C2)NC(=O)[C@H](C(C)C)NC(=O)[C@H](CC(C)C)NC(=O)[C@H](CCCCN)NC(=O)[C@H](CCC(=O)N)N.CC(=O)O,CC(C)CC(C(=O)NC(C(C)C)C(=O)NC(CC1=CC=CC=C1)C(=O)NC(CC2=CC=CC=C2)C(=O)NC(C)C(=O)O)NC(=O)C(CCCCN)NC(=O)C(CCC(=O)N)N.CC(=O)O,NYFLTZKQVYUMET-YJVMEOIXSA-N,"acetic acid;(2S)-2-[[(2S)-2-[[(2S)-2-[[(2S)-2-[[(2S)-2-[[(2S)-6-amino-2-[[(2S)-2,5-diamino-5-oxopentanoyl]amino]hexanoyl]amino]-4-methylpentanoyl]amino]-3-methylbutanoyl]amino]-3-phenylpropanoyl]amino]-3-phenylpropanoyl]amino]propanoic acid",911.512,911.512,0,2,0,7,7,0,0,0,0,0,0,0,2D,NULL,NULL,0,NULL,20210720,AKos Consulting & Solutions|MolPort|Probes & Drugs portal|TargetMol,Chemical Vendors|Research and Development,NULL
71317263,beta-Amyloid (1-11),beta-Amyloid (1-11)|190436-05-6|CHEMBL4075743|DTXSID70747894|PD159181|L-alpha-Aspartyl-L-alanyl-L-alpha-glutamyl-L-phenylalanyl-N~5~-(diaminomethylidene)-L-ornithyl-L-histidyl-L-alpha-aspartyl-L-serylglycyl-L-tyrosyl-L-glutamic acid,1325.300,C56H76N16O22,637.000,2690.000,-8.400,94,21,25,42,"InChI=1S/C56H76N16O22/c1-27(64-47(85)32(57)21-44(80)81)46(84)66-34(13-15-42(76)77)50(88)69-37(18-28-6-3-2-4-7-28)52(90)67-33(8-5-17-61-56(58)59)49(87)70-38(20-30-23-60-26-63-30)53(91)71-39(22-45(82)83)54(92)72-40(25-73)48(86)62-24-41(75)65-36(19-29-9-11-31(74)12-10-29)51(89)68-35(55(93)94)14-16-43(78)79/h2-4,6-7,9-12,23,26-27,32-40,73-74H,5,8,13-22,24-25,57H2,1H3,(H,60,63)(H,62,86)(H,64,85)(H,65,75)(H,66,84)(H,67,90)(H,68,89)(H,69,88)(H,70,87)(H,71,91)(H,72,92)(H,76,77)(H,78,79)(H,80,81)(H,82,83)(H,93,94)(H4,58,59,61)/t27-,32-,33-,34-,35-,36-,37-,38-,39-,40-/m0/s1",C[C@@H](C(=O)N[C@@H](CCC(=O)O)C(=O)N[C@@H](CC1=CC=CC=C1)C(=O)N[C@@H](CCCN=C(N)N)C(=O)N[C@@H](CC2=CN=CN2)C(=O)N[C@@H](CC(=O)O)C(=O)N[C@@H](CO)C(=O)NCC(=O)N[C@@H](CC3=CC=C(C=C3)O)C(=O)N[C@@H](CCC(=O)O)C(=O)O)NC(=O)[C@H](CC(=O)O)N,CC(C(=O)NC(CCC(=O)O)C(=O)NC(CC1=CC=CC=C1)C(=O)NC(CCCN=C(N)N)C(=O)NC(CC2=CN=CN2)C(=O)NC(CC(=O)O)C(=O)NC(CO)C(=O)NCC(=O)NC(CC3=CC=C(C=C3)O)C(=O)NC(CCC(=O)O)C(=O)O)NC(=O)C(CC(=O)O)N,AGNCCPVJIGFHDN-BVISTOLDSA-N,(2S)-2-[[(2S)-2-[[2-[[(2S)-2-[[(2S)-2-[[(2S)-2-[[(2S)-2-[[(2S)-2-[[(2S)-2-[[(2S)-2-[[(2S)-2-amino-3-carboxypropanoyl]amino]propanoyl]amino]-4-carboxybutanoyl]amino]-3-phenylpropanoyl]amino]-5-(diaminomethylideneamino)pentanoyl]amino]-3-(1H-imidazol-5-yl)propanoyl]amino]-3-carboxypropanoyl]amino]-3-hydroxypropanoyl]amino]acetyl]amino]-3-(4-hydroxyphenyl)propanoyl]amino]pentanedioic acid,1324.53,1324.53,0,1,0,10,10,0,0,0,0,1,0,0,2D,NULL,Biological Test Results|Classification|Literature,3,1475196,20130521,"AKos Consulting & Solutions|Alfa Chemistry|ApexBio Technology|BenchChem|BOC Sciences|ChEMBL|Chemieliva Pharmaceutical Co., Ltd|CreativePeptides|CymitQuimica|EPA DSSTox|MolPort|MuseChem|Pi Chemicals|Probes & Drugs portal|RR Scientific|Smolecule|Starshine Chemical|TargetMol",Chemical Vendors|Curation Efforts|Governmental Organizations|Legacy Depositors|Research and Development,NULL
146158575,beta-Amyloid Protein Precursor 770 (135-155),beta-Amyloid Protein Precursor 770 (135-155)|315229-44-8,2618.000,C116H173N35O31S2,1090.000,5760.000,-8.200,184,38,40,85,"InChI=1S/C116H173N35O31S2/c1-56(2)37-78(139-96(162)70(118)39-63-21-14-13-15-22-63)102(168)142-81(41-65-47-122-52-128-65)105(171)135-73(27-30-87(119)154)98(164)134-74(28-31-88(155)156)99(165)133-72(26-20-35-126-116(120)121)97(163)137-76(33-36-184-12)100(166)145-85(45-90(159)160)109(175)148-92(59(7)8)112(178)147-86(51-183)110(176)136-75(29-32-89(157)158)101(167)150-93(61(10)152)113(179)146-83(43-67-49-124-54-130-67)107(173)140-79(38-57(3)4)103(169)143-82(42-66-48-123-53-129-66)106(172)141-80(40-64-46-127-71-24-17-16-23-69(64)71)104(170)144-84(44-68-50-125-55-131-68)108(174)151-94(62(11)153)114(180)149-91(58(5)6)111(177)132-60(9)95(161)138-77(115(181)182)25-18-19-34-117/h13-17,21-24,46-50,52-62,70,72-86,91-94,127,152-153,183H,18-20,25-45,51,117-118H2,1-12H3,(H2,119,154)(H,122,128)(H,123,129)(H,124,130)(H,125,131)(H,132,177)(H,133,165)(H,134,164)(H,135,171)(H,136,176)(H,137,163)(H,138,161)(H,139,162)(H,140,173)(H,141,172)(H,142,168)(H,143,169)(H,144,170)(H,145,166)(H,146,179)(H,147,178)(H,148,175)(H,149,180)(H,150,167)(H,151,174)(H,155,156)(H,157,158)(H,159,160)(H,181,182)(H4,120,121,126)",CC(C)CC(C(=O)NC(CC1=CNC=N1)C(=O)NC(CCC(=O)N)C(=O)NC(CCC(=O)O)C(=O)NC(CCCNC(=N)N)C(=O)NC(CCSC)C(=O)NC(CC(=O)O)C(=O)NC(C(C)C)C(=O)NC(CS)C(=O)NC(CCC(=O)O)C(=O)NC(C(C)O)C(=O)NC(CC2=CNC=N2)C(=O)NC(CC(C)C)C(=O)NC(CC3=CNC=N3)C(=O)NC(CC4=CNC5=CC=CC=C54)C(=O)NC(CC6=CNC=N6)C(=O)NC(C(C)O)C(=O)NC(C(C)C)C(=O)NC(C)C(=O)NC(CCCCN)C(=O)O)NC(=O)C(CC7=CC=CC=C7)N,CC(C)CC(C(=O)NC(CC1=CNC=N1)C(=O)NC(CCC(=O)N)C(=O)NC(CCC(=O)O)C(=O)NC(CCCNC(=N)N)C(=O)NC(CCSC)C(=O)NC(CC(=O)O)C(=O)NC(C(C)C)C(=O)NC(CS)C(=O)NC(CCC(=O)O)C(=O)NC(C(C)O)C(=O)NC(CC2=CNC=N2)C(=O)NC(CC(C)C)C(=O)NC(CC3=CNC=N3)C(=O)NC(CC4=CNC5=CC=CC=C54)C(=O)NC(CC6=CNC=N6)C(=O)NC(C(C)O)C(=O)NC(C(C)C)C(=O)NC(C)C(=O)NC(CCCCN)C(=O)O)NC(=O)C(CC7=CC=CC=C7)N,OUZWHWVFXUODDP-UHFFFAOYSA-N,6-amino-2-[2-[[2-[[2-[[2-[[2-[[2-[[2-[[2-[[2-[[2-[[2-[[2-[[2-[[2-[[2-[[2-[[5-amino-2-[[2-[[2-[(2-amino-3-phenylpropanoyl)amino]-4-methylpentanoyl]amino]-3-(1H-imidazol-4-yl)propanoyl]amino]-5-oxopentanoyl]amino]-4-carboxybutanoyl]amino]-5-carbamimidamidopentanoyl]amino]-4-methylsulfanylbutanoyl]amino]-3-carboxypropanoyl]amino]-3-methylbutanoyl]amino]-3-sulfanylpropanoyl]amino]-4-carboxybutanoyl]amino]-3-hydroxybutanoyl]amino]-3-(1H-imidazol-4-yl)propanoyl]amino]-4-methylpentanoyl]amino]-3-(1H-imidazol-4-yl)propanoyl]amino]-3-(1H-indol-3-yl)propanoyl]amino]-3-(1H-imidazol-4-yl)propanoyl]amino]-3-hydroxybutanoyl]amino]-3-methylbutanoyl]amino]propanoylamino]hexanoic acid,2617.25,2616.25,0,1,0,23,0,23,0,0,0,0,0,0,2D,NULL,NULL,0,NULL,20200610,"001Chemical|CymitQuimica|J&H Chemical Co.,ltd|MolCore BioPharmatech|Pi Chemicals|RR Scientific",Chemical Vendors,NULL
11765491,beta-Amyloid (33-40),beta-Amyloid (33-40)|HY-P1895|CS-0097985|(2S)-2-[[(2S)-2-[[2-[[2-[[(2S)-2-[[(2S)-2-[[(2S)-2-[(2-aminoacetyl)amino]-4-methylpentanoyl]amino]-4-methylsulfanylbutanoyl]amino]-3-methylbutanoyl]amino]acetyl]amino]acetyl]amino]-3-methylbutanoyl]amino]-3-methylbutanoic acid,730.900,C32H58N8O9S,292.000,1180.000,-1.100,50,9,11,23,"InChI=1S/C32H58N8O9S/c1-16(2)12-21(36-22(41)13-33)29(45)37-20(10-11-50-9)28(44)39-25(17(3)4)30(46)35-14-23(42)34-15-24(43)38-26(18(5)6)31(47)40-27(19(7)8)32(48)49/h16-21,25-27H,10-15,33H2,1-9H3,(H,34,42)(H,35,46)(H,36,41)(H,37,45)(H,38,43)(H,39,44)(H,40,47)(H,48,49)/t20-,21-,25-,26-,27-/m0/s1",CC(C)C[C@@H](C(=O)N[C@@H](CCSC)C(=O)N[C@@H](C(C)C)C(=O)NCC(=O)NCC(=O)N[C@@H](C(C)C)C(=O)N[C@@H](C(C)C)C(=O)O)NC(=O)CN,CC(C)CC(C(=O)NC(CCSC)C(=O)NC(C(C)C)C(=O)NCC(=O)NCC(=O)NC(C(C)C)C(=O)NC(C(C)C)C(=O)O)NC(=O)CN,DKFWNIFZMIERCP-UVSMYHIZSA-N,(2S)-2-[[(2S)-2-[[2-[[2-[[(2S)-2-[[(2S)-2-[[(2S)-2-[(2-aminoacetyl)amino]-4-methylpentanoyl]amino]-4-methylsulfanylbutanoyl]amino]-3-methylbutanoyl]amino]acetyl]amino]acetyl]amino]-3-methylbutanoyl]amino]-3-methylbutanoic acid,730.405,730.405,0,1,0,5,5,0,0,0,0,0,0,0,2D,NULL,NULL,0,NULL,20061026,AbaChemScene|BenchChem|ChemSpider|DiscoveryGate|MedChemexpress MCE|NextBio|Thomson Pharma,Chemical Vendors|Journal Publishers|Legacy Depositors|Research and Development|Subscription Services,NULL
137699296,beta-Amyloid (1-43),BETA-AMYLOID (1-43)|PD118331,1956.300,C86H150N22O27S,792.000,4070.000,-3.800,136,26,29,66,"InChI=1S/C86H150N22O27S/c1-21-45(14)68(106-85(133)70(47(16)23-3)105-72(120)48(17)94-59(114)36-90-74(122)51(26-24-25-30-87)98-77(125)54(33-56(88)111)100-78(126)55(39-109)97-61(116)38-92-79(127)64(41(6)7)101-57(112)27-28-63(118)119)81(129)93-37-60(115)96-53(32-40(4)5)76(124)99-52(29-31-136-20)75(123)103-65(42(8)9)80(128)91-34-58(113)89-35-62(117)102-66(43(10)11)82(130)104-67(44(12)13)83(131)107-69(46(15)22-2)84(132)95-49(18)73(121)108-71(50(19)110)86(134)135/h40-55,64-71,109-110H,21-39,87H2,1-20H3,(H2,88,111)(H,89,113)(H,90,122)(H,91,128)(H,92,127)(H,93,129)(H,94,114)(H,95,132)(H,96,115)(H,97,116)(H,98,125)(H,99,124)(H,100,126)(H,101,112)(H,102,117)(H,103,123)(H,104,130)(H,105,120)(H,106,133)(H,107,131)(H,108,121)(H,118,119)(H,134,135)",CCC(C)C(C(=O)NC(C(C)CC)C(=O)NCC(=O)NC(CC(C)C)C(=O)NC(CCSC)C(=O)NC(C(C)C)C(=O)NCC(=O)NCC(=O)NC(C(C)C)C(=O)NC(C(C)C)C(=O)NC(C(C)CC)C(=O)NC(C)C(=O)NC(C(C)O)C(=O)O)NC(=O)C(C)NC(=O)CNC(=O)C(CCCCN)NC(=O)C(CC(=O)N)NC(=O)C(CO)NC(=O)CNC(=O)C(C(C)C)NC(=O)CCC(=O)O,CCC(C)C(C(=O)NC(C(C)CC)C(=O)NCC(=O)NC(CC(C)C)C(=O)NC(CCSC)C(=O)NC(C(C)C)C(=O)NCC(=O)NCC(=O)NC(C(C)C)C(=O)NC(C(C)C)C(=O)NC(C(C)CC)C(=O)NC(C)C(=O)NC(C(C)O)C(=O)O)NC(=O)C(C)NC(=O)CNC(=O)C(CCCCN)NC(=O)C(CC(=O)N)NC(=O)C(CO)NC(=O)CNC(=O)C(C(C)C)NC(=O)CCC(=O)O,LBJNSYPWMXQDNQ-UHFFFAOYSA-N,2-[2-[[2-[[2-[[2-[[2-[[2-[[2-[[2-[[2-[[2-[[2-[[2-[2-[[2-[[6-amino-2-[[4-amino-2-[[2-[[2-[[2-(3-carboxypropanoylamino)-3-methylbutanoyl]amino]acetyl]amino]-3-hydroxypropanoyl]amino]-4-oxobutanoyl]amino]hexanoyl]amino]acetyl]amino]propanoylamino]-3-methylpentanoyl]amino]-3-methylpentanoyl]amino]acetyl]amino]-4-methylpentanoyl]amino]-4-methylsulfanylbutanoyl]amino]-3-methylbutanoyl]amino]acetyl]amino]acetyl]amino]-3-methylbutanoyl]amino]-3-methylbutanoyl]amino]-3-methylpentanoyl]amino]propanoylamino]-3-hydroxybutanoic acid,1955.08,1955.08,0,1,0,19,0,19,0,0,0,0,0,0,2D,NULL,NULL,0,NULL,20190410,A2B Chem|AA BLOCKS|Probes & Drugs portal,Chemical Vendors|Research and Development,NULL
145705875,beta-Amyloid (1-42) human,beta-Amyloid (1-42) human,4514.000,C203H311N55O60S,1840.000,11400.000,-13.700,319,59,68,151,"InChI=1S/C203H311N55O60S/c1-28-106(20)164(195(310)220-91-149(267)228-130(71-98(4)5)181(296)238-129(66-70-319-27)179(294)251-158(100(8)9)193(308)218-87-146(264)215-88-151(269)250-160(102(12)13)198(313)255-163(105(18)19)199(314)258-165(107(21)29-2)200(315)227-112(26)202(317)318)257-201(316)166(108(22)30-3)256-169(284)109(23)224-147(265)89-216-171(286)122(51-40-42-67-204)233-188(303)139(81-145(208)263)244-192(307)143(94-260)230-150(268)92-219-194(309)159(101(10)11)252-191(306)141(83-157(280)281)245-177(292)127(60-64-153(272)273)232-168(283)111(25)226-180(295)133(73-113-45-34-31-35-46-113)241-184(299)135(75-115-49-38-33-39-50-115)247-196(311)162(104(16)17)254-190(305)131(72-99(6)7)239-173(288)123(52-41-43-68-205)234-175(290)125(58-62-144(207)262)236-185(300)136(77-117-84-211-95-221-117)243-187(302)138(79-119-86-213-97-223-119)248-197(312)161(103(14)15)253-178(293)128(61-65-154(274)275)237-182(297)132(76-116-54-56-120(261)57-55-116)229-148(266)90-217-172(287)142(93-259)249-189(304)140(82-156(278)279)246-186(301)137(78-118-85-212-96-222-118)242-174(289)124(53-44-69-214-203(209)210)235-183(298)134(74-114-47-36-32-37-48-114)240-176(291)126(59-63-152(270)271)231-167(282)110(24)225-170(285)121(206)80-155(276)277/h31-39,45-50,54-57,84-86,95-112,117-119,121-143,158-166,259-261H,28-30,40-44,51-53,58-83,87-94,204-206H2,1-27H3,(H2,207,262)(H2,208,263)(H,215,264)(H,216,286)(H,217,287)(H,218,308)(H,219,309)(H,220,310)(H,224,265)(H,225,285)(H,226,295)(H,227,315)(H,228,267)(H,229,266)(H,230,268)(H,231,282)(H,232,283)(H,233,303)(H,234,290)(H,235,298)(H,236,300)(H,237,297)(H,238,296)(H,239,288)(H,240,291)(H,241,299)(H,242,289)(H,243,302)(H,244,307)(H,245,292)(H,246,301)(H,247,311)(H,248,312)(H,249,304)(H,250,269)(H,251,294)(H,252,306)(H,253,293)(H,254,305)(H,255,313)(H,256,284)(H,257,316)(H,258,314)(H,270,271)(H,272,273)(H,274,275)(H,276,277)(H,278,279)(H,280,281)(H,317,318)(H4,209,210,214)",CCC(C)C(C(=O)NC(C(C)CC)C(=O)NCC(=O)NC(CC(C)C)C(=O)NC(CCSC)C(=O)NC(C(C)C)C(=O)NCC(=O)NCC(=O)NC(C(C)C)C(=O)NC(C(C)C)C(=O)NC(C(C)CC)C(=O)NC(C)C(=O)O)NC(=O)C(C)NC(=O)CNC(=O)C(CCCCN)NC(=O)C(CC(=O)N)NC(=O)C(CO)NC(=O)CNC(=O)C(C(C)C)NC(=O)C(CC(=O)O)NC(=O)C(CCC(=O)O)NC(=O)C(C)NC(=O)C(CC1=CC=CC=C1)NC(=O)C(CC2=CC=CC=C2)NC(=O)C(C(C)C)NC(=O)C(CC(C)C)NC(=O)C(CCCCN)NC(=O)C(CCC(=O)N)NC(=O)C(CC3C=NC=N3)NC(=O)C(CC4C=NC=N4)NC(=O)C(C(C)C)NC(=O)C(CCC(=O)O)NC(=O)C(CC5=CC=C(C=C5)O)NC(=O)CNC(=O)C(CO)NC(=O)C(CC(=O)O)NC(=O)C(CC6C=NC=N6)NC(=O)C(CCCNC(=N)N)NC(=O)C(CC7=CC=CC=C7)NC(=O)C(CCC(=O)O)NC(=O)C(C)NC(=O)C(CC(=O)O)N,CCC(C)C(C(=O)NC(C(C)CC)C(=O)NCC(=O)NC(CC(C)C)C(=O)NC(CCSC)C(=O)NC(C(C)C)C(=O)NCC(=O)NCC(=O)NC(C(C)C)C(=O)NC(C(C)C)C(=O)NC(C(C)CC)C(=O)NC(C)C(=O)O)NC(=O)C(C)NC(=O)CNC(=O)C(CCCCN)NC(=O)C(CC(=O)N)NC(=O)C(CO)NC(=O)CNC(=O)C(C(C)C)NC(=O)C(CC(=O)O)NC(=O)C(CCC(=O)O)NC(=O)C(C)NC(=O)C(CC1=CC=CC=C1)NC(=O)C(CC2=CC=CC=C2)NC(=O)C(C(C)C)NC(=O)C(CC(C)C)NC(=O)C(CCCCN)NC(=O)C(CCC(=O)N)NC(=O)C(CC3C=NC=N3)NC(=O)C(CC4C=NC=N4)NC(=O)C(C(C)C)NC(=O)C(CCC(=O)O)NC(=O)C(CC5=CC=C(C=C5)O)NC(=O)CNC(=O)C(CO)NC(=O)C(CC(=O)O)NC(=O)C(CC6C=NC=N6)NC(=O)C(CCCNC(=N)N)NC(=O)C(CC7=CC=CC=C7)NC(=O)C(CCC(=O)O)NC(=O)C(C)NC(=O)C(CC(=O)O)N,XPESWQNHKICWDY-UHFFFAOYSA-N,"5-[[1-[[1-[[1-[[1-[[1-[[2-[[1-[[1-[[1-[[1-[[1-[[5-amino-1-[[6-amino-1-[[1-[[1-[[1-[[1-[[1-[[1-[[1-[[1-[[2-[[1-[[4-amino-1-[[6-amino-1-[[2-[[1-[[1-[[1-[[2-[[1-[[1-[[1-[[2-[[2-[[1-[[1-[[1-(1-carboxyethylamino)-3-methyl-1-oxopentan-2-yl]amino]-3-methyl-1-oxobutan-2-yl]amino]-3-methyl-1-oxobutan-2-yl]amino]-2-oxoethyl]amino]-2-oxoethyl]amino]-3-methyl-1-oxobutan-2-yl]amino]-4-methylsulfanyl-1-oxobutan-2-yl]amino]-4-methyl-1-oxopentan-2-yl]amino]-2-oxoethyl]amino]-3-methyl-1-oxopentan-2-yl]amino]-3-methyl-1-oxopentan-2-yl]amino]-1-oxopropan-2-yl]amino]-2-oxoethyl]amino]-1-oxohexan-2-yl]amino]-1,4-dioxobutan-2-yl]amino]-3-hydroxy-1-oxopropan-2-yl]amino]-2-oxoethyl]amino]-3-methyl-1-oxobutan-2-yl]amino]-3-carboxy-1-oxopropan-2-yl]amino]-4-carboxy-1-oxobutan-2-yl]amino]-1-oxopropan-2-yl]amino]-1-oxo-3-phenylpropan-2-yl]amino]-1-oxo-3-phenylpropan-2-yl]amino]-3-methyl-1-oxobutan-2-yl]amino]-4-methyl-1-oxopentan-2-yl]amino]-1-oxohexan-2-yl]amino]-1,5-dioxopentan-2-yl]amino]-3-(4H-imidazol-4-yl)-1-oxopropan-2-yl]amino]-3-(4H-imidazol-4-yl)-1-oxopropan-2-yl]amino]-3-methyl-1-oxobutan-2-yl]amino]-4-carboxy-1-oxobutan-2-yl]amino]-3-(4-hydroxyphenyl)-1-oxopropan-2-yl]amino]-2-oxoethyl]amino]-3-hydroxy-1-oxopropan-2-yl]amino]-3-carboxy-1-oxopropan-2-yl]amino]-3-(4H-imidazol-4-yl)-1-oxopropan-2-yl]amino]-5-carbamimidamido-1-oxopentan-2-yl]amino]-1-oxo-3-phenylpropan-2-yl]amino]-4-[2-[(2-amino-3-carboxypropanoyl)amino]propanoylamino]-5-oxopentanoic acid",4513.28,4511.27,0,1,0,42,0,42,0,0,0,1,0,0,2D,NULL,Literature,1,NULL,20191219,001Chemical|Human Metabolome Database (HMDB)|MolCore BioPharmatech|Pi Chemicals|Starshine Chemical,Chemical Vendors|Curation Efforts|Research and Development,NULL
25184743,beta-Amyloid (35-42),"beta-Amyloid (35-42)|HY-P1903|MS-31301|CS-0097993|(2S)-2-[[(2S,3S)-2-[[(2S)-2-[[(2S)-2-[[2-[[2-[[(2S)-2-[[(2S)-2-amino-4-methylsulfanylbutanoyl]amino]-3-methylbutanoyl]amino]acetyl]amino]acetyl]amino]-3-methylbutanoyl]amino]-3-methylbutanoyl]amino]-3-methylpentanoyl]amino]propanoic acid|183292-41-3",744.900,C33H60N8O9S,292.000,1220.000,-0.700,51,9,11,23,"InChI=1S/C33H60N8O9S/c1-11-19(8)27(32(48)37-20(9)33(49)50)41-31(47)26(18(6)7)40-30(46)25(17(4)5)38-23(43)15-35-22(42)14-36-29(45)24(16(2)3)39-28(44)21(34)12-13-51-10/h16-21,24-27H,11-15,34H2,1-10H3,(H,35,42)(H,36,45)(H,37,48)(H,38,43)(H,39,44)(H,40,46)(H,41,47)(H,49,50)/t19-,20-,21-,24-,25-,26-,27-/m0/s1",CC[C@H](C)[C@@H](C(=O)N[C@@H](C)C(=O)O)NC(=O)[C@H](C(C)C)NC(=O)[C@H](C(C)C)NC(=O)CNC(=O)CNC(=O)[C@H](C(C)C)NC(=O)[C@H](CCSC)N,CCC(C)C(C(=O)NC(C)C(=O)O)NC(=O)C(C(C)C)NC(=O)C(C(C)C)NC(=O)CNC(=O)CNC(=O)C(C(C)C)NC(=O)C(CCSC)N,WMASSBNUXWFHBX-CMCOHCKLSA-N,"(2S)-2-[[(2S,3S)-2-[[(2S)-2-[[(2S)-2-[[2-[[2-[[(2S)-2-[[(2S)-2-amino-4-methylsulfanylbutanoyl]amino]-3-methylbutanoyl]amino]acetyl]amino]acetyl]amino]-3-methylbutanoyl]amino]-3-methylbutanoyl]amino]-3-methylpentanoyl]amino]propanoic acid",744.42,744.42,0,1,0,7,7,0,0,0,0,0,0,0,2D,NULL,,1,NULL,20090316,AbaChemScene|BenchChem|DiscoveryGate|Key Organics/BIONET|MedChemexpress MCE|MolPort|NCBI Structure|Probes & Drugs portal|Thomson Pharma|Wikidata,Chemical Vendors|Curation Efforts|Governmental Organizations|Journal Publishers|Legacy Depositors|Research and Development|Subscription Services,NULL
101942071,beta-Amyloid(12-28),beta-Amyloid(12-28),1955.200,C89H135N25O25,877.000,4390.000,-0.700,139,29,48,65,"InChI=1S/C89H135N25O25/c1-45(2)32-58(106-75(124)54(24-16-18-30-90)103-76(125)55(26-28-66(92)116)104-80(129)61(35-52-39-95-43-98-52)108-81(130)62(36-53-40-96-44-99-53)111-86(135)71(94)46(3)4)83(132)114-73(48(7)8)88(137)112-60(34-51-22-14-11-15-23-51)79(128)107-59(33-50-20-12-10-13-21-50)78(127)100-49(9)74(123)102-56(27-29-69(119)120)77(126)110-64(38-70(121)122)84(133)113-72(47(5)6)87(136)97-41-68(118)101-65(42-115)85(134)109-63(37-67(93)117)82(131)105-57(89(138)139)25-17-19-31-91/h10-15,20-23,39-40,43-49,54-65,71-73,115H,16-19,24-38,41-42,90-91,94H2,1-9H3,(H2,92,116)(H2,93,117)(H,95,98)(H,96,99)(H,97,136)(H,100,127)(H,101,118)(H,102,123)(H,103,125)(H,104,129)(H,105,131)(H,106,124)(H,107,128)(H,108,130)(H,109,134)(H,110,126)(H,111,135)(H,112,137)(H,113,133)(H,114,132)(H,119,120)(H,121,122)(H,138,139)/t49-,54-,55-,56-,57-,58-,59-,60-,61-,62-,63-,64-,65-,71-,72-,73-/m0/s1",C[C@@H](C(=N[C@@H](CCC(=O)O)C(=N[C@@H](CC(=O)O)C(=N[C@@H](C(C)C)C(=NCC(=N[C@@H](CO)C(=N[C@@H](CC(=N)O)C(=N[C@@H](CCCCN)C(=O)O)O)O)O)O)O)O)O)N=C([C@H](CC1=CC=CC=C1)N=C([C@H](CC2=CC=CC=C2)N=C([C@H](C(C)C)N=C([C@H](CC(C)C)N=C([C@H](CCCCN)N=C([C@H](CCC(=N)O)N=C([C@H](CC3=CN=CN3)N=C([C@H](CC4=CN=CN4)N=C([C@H](C(C)C)N)O)O)O)O)O)O)O)O)O,CC(C)CC(C(=NC(C(C)C)C(=NC(CC1=CC=CC=C1)C(=NC(CC2=CC=CC=C2)C(=NC(C)C(=NC(CCC(=O)O)C(=NC(CC(=O)O)C(=NC(C(C)C)C(=NCC(=NC(CO)C(=NC(CC(=N)O)C(=NC(CCCCN)C(=O)O)O)O)O)O)O)O)O)O)O)O)O)N=C(C(CCCCN)N=C(C(CCC(=N)O)N=C(C(CC3=CN=CN3)N=C(C(CC4=CN=CN4)N=C(C(C(C)C)N)O)O)O)O)O,WOMPQPMHRDDZMP-IJBWYZRXSA-N,"(2S)-6-amino-2-[[(2S)-2-[[(2S)-2-[[2-[[(2S)-2-[[(2S)-2-[[(2S)-2-[[(2S)-2-[[(2S)-2-[[(2S)-2-[[(2S)-2-[[(2S)-2-[[(2S)-6-amino-2-[[(2S)-2-[[(2S)-2-[[(2S)-2-[[(2S)-2-amino-1-hydroxy-3-methylbutylidene]amino]-1-hydroxy-3-(1H-imidazol-5-yl)propylidene]amino]-1-hydroxy-3-(1H-imidazol-5-yl)propylidene]amino]-1,5-dihydroxy-5-iminopentylidene]amino]-1-hydroxyhexylidene]amino]-1-hydroxy-4-methylpentylidene]amino]-1-hydroxy-3-methylbutylidene]amino]-1-hydroxy-3-phenylpropylidene]amino]-1-hydroxy-3-phenylpropylidene]amino]-1-hydroxypropylidene]amino]-4-carboxy-1-hydroxybutylidene]amino]-3-carboxy-1-hydroxypropylidene]amino]-1-hydroxy-3-methylbutylidene]amino]-1-hydroxyethylidene]amino]-1,3-dihydroxypropylidene]amino]-1,4-dihydroxy-4-iminobutylidene]amino]hexanoic acid",1954.01,1954.01,0,1,0,16,16,0,0,0,0,0,0,0,NULL,NULL,NULL,0,NULL,20151218,Japan Chemical Substance Dictionary (Nikkaji),Governmental Organizations,NULL
10079740,beta-Amyloid (1-9),beta-Amyloid (1-9)|HY-P1854|CS-0096585,1033.000,C42H60N14O17,521.000,2000.000,-8.600,73,17,20,33,"InChI=1S/C42H60N14O17/c1-20(50-35(67)23(43)14-31(60)61)34(66)51-25(9-10-30(58)59)38(70)53-26(12-21-6-3-2-4-7-21)39(71)52-24(8-5-11-47-42(44)45)37(69)54-27(13-22-16-46-19-49-22)40(72)55-28(15-32(62)63)41(73)56-29(18-57)36(68)48-17-33(64)65/h2-4,6-7,16,19-20,23-29,57H,5,8-15,17-18,43H2,1H3,(H,46,49)(H,48,68)(H,50,67)(H,51,66)(H,52,71)(H,53,70)(H,54,69)(H,55,72)(H,56,73)(H,58,59)(H,60,61)(H,62,63)(H,64,65)(H4,44,45,47)/t20-,23-,24-,25-,26-,27-,28-,29-/m0/s1",C[C@@H](C(=O)N[C@@H](CCC(=O)O)C(=O)N[C@@H](CC1=CC=CC=C1)C(=O)N[C@@H](CCCN=C(N)N)C(=O)N[C@@H](CC2=CN=CN2)C(=O)N[C@@H](CC(=O)O)C(=O)N[C@@H](CO)C(=O)NCC(=O)O)NC(=O)[C@H](CC(=O)O)N,CC(C(=O)NC(CCC(=O)O)C(=O)NC(CC1=CC=CC=C1)C(=O)NC(CCCN=C(N)N)C(=O)NC(CC2=CN=CN2)C(=O)NC(CC(=O)O)C(=O)NC(CO)C(=O)NCC(=O)O)NC(=O)C(CC(=O)O)N,BRRKPUCEVBBGNV-WVQSQKPFSA-N,(4S)-4-[[(2S)-2-[[(2S)-2-amino-3-carboxypropanoyl]amino]propanoyl]amino]-5-[[(2S)-1-[[(2S)-1-[[(2S)-1-[[(2S)-3-carboxy-1-[[(2S)-1-(carboxymethylamino)-3-hydroxy-1-oxopropan-2-yl]amino]-1-oxopropan-2-yl]amino]-3-(1H-imidazol-5-yl)-1-oxopropan-2-yl]amino]-5-(diaminomethylideneamino)-1-oxopentan-2-yl]amino]-1-oxo-3-phenylpropan-2-yl]amino]-5-oxopentanoic acid,1032.43,1032.43,0,1,0,8,8,0,0,0,0,0,0,0,2D,NULL,NULL,0,NULL,20061025,AbaChemScene|BenchChem|ChemSpider|MedChemexpress MCE|NextBio|Thomson Pharma,Chemical Vendors|Journal Publishers|Legacy Depositors|Research and Development|Subscription Services,NULL
134611629,beta-Amyloid (15-21),beta-Amyloid (15-21)|HY-P1521|CS-0044642,852.000,C43H65N9O9,307.000,1450.000,-0.500,61,10,11,27,"InChI=1S/C43H65N9O9/c1-25(2)22-32(49-38(55)31(18-12-13-21-44)48-37(54)30(45)19-20-35(46)53)41(58)52-36(26(3)4)42(59)51-34(24-29-16-10-7-11-17-29)40(57)50-33(23-28-14-8-6-9-15-28)39(56)47-27(5)43(60)61/h6-11,14-17,25-27,30-34,36H,12-13,18-24,44-45H2,1-5H3,(H2,46,53)(H,47,56)(H,48,54)(H,49,55)(H,50,57)(H,51,59)(H,52,58)(H,60,61)/t27-,30-,31-,32-,33-,34-,36-/m0/s1",C[C@@H](C(=O)O)NC(=O)[C@H](CC1=CC=CC=C1)NC(=O)[C@H](CC2=CC=CC=C2)NC(=O)[C@H](C(C)C)NC(=O)[C@H](CC(C)C)NC(=O)[C@H](CCCCN)NC(=O)[C@H](CCC(=O)N)N,CC(C)CC(C(=O)NC(C(C)C)C(=O)NC(CC1=CC=CC=C1)C(=O)NC(CC2=CC=CC=C2)C(=O)NC(C)C(=O)O)NC(=O)C(CCCCN)NC(=O)C(CCC(=O)N)N,BFMXRRGEBRVAKF-GYQIDMAWSA-N,"(2S)-2-[[(2S)-2-[[(2S)-2-[[(2S)-2-[[(2S)-2-[[(2S)-6-amino-2-[[(2S)-2,5-diamino-5-oxopentanoyl]amino]hexanoyl]amino]-4-methylpentanoyl]amino]-3-methylbutanoyl]amino]-3-phenylpropanoyl]amino]-3-phenylpropanoyl]amino]propanoic acid",851.491,851.491,0,1,0,7,7,0,0,0,0,0,0,0,2D,NULL,NULL,0,NULL,20180628,AbaChemScene|AKos Consulting & Solutions|BenchChem|Chem-Space.com Database|CreativePeptides|MedChemexpress MCE|MolPort|Probes & Drugs portal|TargetMol,Chemical Vendors|Research and Development,NULL
11285982,beta-Amyloid (4-10),beta-Amyloid (4-10)|HY-P1787|CS-0095712|(3S)-3-[[(2S)-2-[[(2S)-2-[[(2S)-2-amino-3-phenylpropanoyl]amino]-5-(diaminomethylideneamino)pentanoyl]amino]-3-(1H-imidazol-5-yl)propanoyl]amino]-4-[[(2S)-1-[[2-[[(1S)-1-carboxy-2-(4-hydroxyphenyl)ethyl]amino]-2-oxoethyl]amino]-3-hydroxy-1-oxopropan-2-yl]amino]-4-oxobutanoic acid,880.900,C39H52N12O12,409.000,1590.000,-5.400,63,14,15,26,"InChI=1S/C39H52N12O12/c40-25(13-21-5-2-1-3-6-21)33(57)48-26(7-4-12-44-39(41)42)35(59)49-27(15-23-17-43-20-46-23)36(60)50-28(16-32(55)56)37(61)51-30(19-52)34(58)45-18-31(54)47-29(38(62)63)14-22-8-10-24(53)11-9-22/h1-3,5-6,8-11,17,20,25-30,52-53H,4,7,12-16,18-19,40H2,(H,43,46)(H,45,58)(H,47,54)(H,48,57)(H,49,59)(H,50,60)(H,51,61)(H,55,56)(H,62,63)(H4,41,42,44)/t25-,26-,27-,28-,29-,30-/m0/s1",C1=CC=C(C=C1)C[C@@H](C(=O)N[C@@H](CCCN=C(N)N)C(=O)N[C@@H](CC2=CN=CN2)C(=O)N[C@@H](CC(=O)O)C(=O)N[C@@H](CO)C(=O)NCC(=O)N[C@@H](CC3=CC=C(C=C3)O)C(=O)O)N,C1=CC=C(C=C1)CC(C(=O)NC(CCCN=C(N)N)C(=O)NC(CC2=CN=CN2)C(=O)NC(CC(=O)O)C(=O)NC(CO)C(=O)NCC(=O)NC(CC3=CC=C(C=C3)O)C(=O)O)N,IQIYXVLANRIFFC-WPMUBMLPSA-N,(3S)-3-[[(2S)-2-[[(2S)-2-[[(2S)-2-amino-3-phenylpropanoyl]amino]-5-(diaminomethylideneamino)pentanoyl]amino]-3-(1H-imidazol-5-yl)propanoyl]amino]-4-[[(2S)-1-[[2-[[(1S)-1-carboxy-2-(4-hydroxyphenyl)ethyl]amino]-2-oxoethyl]amino]-3-hydroxy-1-oxopropan-2-yl]amino]-4-oxobutanoic acid,880.383,880.383,0,1,0,6,6,0,0,0,0,0,0,0,2D,NULL,NULL,0,NULL,20061026,AbaChemScene|BenchChem|ChemSpider|MedChemexpress MCE|NextBio|Thomson Pharma,Chemical Vendors|Journal Publishers|Legacy Depositors|Research and Development|Subscription Services,NULL
91977001,beta-Amyloid (1-15),beta-Amyloid (1-15)|183745-81-5|PD118877,1826.800,C78H107N25O27,851.000,3930.000,-9.700,130,29,32,59,"InChI=1S/C78H107N25O27/c1-37(2)63(76(128)101-54(26-43-31-85-36-90-43)74(126)99-52(24-41-29-83-34-88-41)72(124)96-49(77(129)130)15-18-57(80)106)103-69(121)48(17-20-60(110)111)95-70(122)50(23-40-11-13-44(105)14-12-40)92-58(107)32-87-66(118)56(33-104)102-75(127)55(28-62(114)115)100-73(125)53(25-42-30-84-35-89-42)98-67(119)46(10-7-21-86-78(81)82)94-71(123)51(22-39-8-5-4-6-9-39)97-68(120)47(16-19-59(108)109)93-64(116)38(3)91-65(117)45(79)27-61(112)113/h4-6,8-9,11-14,29-31,34-38,45-56,63,104-105H,7,10,15-28,32-33,79H2,1-3H3,(H2,80,106)(H,83,88)(H,84,89)(H,85,90)(H,87,118)(H,91,117)(H,92,107)(H,93,116)(H,94,123)(H,95,122)(H,96,124)(H,97,120)(H,98,119)(H,99,126)(H,100,125)(H,101,128)(H,102,127)(H,103,121)(H,108,109)(H,110,111)(H,112,113)(H,114,115)(H,129,130)(H4,81,82,86)",CC(C)C(C(=O)NC(CC1=CNC=N1)C(=O)NC(CC2=CNC=N2)C(=O)NC(CCC(=O)N)C(=O)O)NC(=O)C(CCC(=O)O)NC(=O)C(CC3=CC=C(C=C3)O)NC(=O)CNC(=O)C(CO)NC(=O)C(CC(=O)O)NC(=O)C(CC4=CNC=N4)NC(=O)C(CCCNC(=N)N)NC(=O)C(CC5=CC=CC=C5)NC(=O)C(CCC(=O)O)NC(=O)C(C)NC(=O)C(CC(=O)O)N,CC(C)C(C(=O)NC(CC1=CNC=N1)C(=O)NC(CC2=CNC=N2)C(=O)NC(CCC(=O)N)C(=O)O)NC(=O)C(CCC(=O)O)NC(=O)C(CC3=CC=C(C=C3)O)NC(=O)CNC(=O)C(CO)NC(=O)C(CC(=O)O)NC(=O)C(CC4=CNC=N4)NC(=O)C(CCCNC(=N)N)NC(=O)C(CC5=CC=CC=C5)NC(=O)C(CCC(=O)O)NC(=O)C(C)NC(=O)C(CC(=O)O)N,CSCAPVBQOYQJJF-UHFFFAOYSA-N,5-amino-2-[[2-[[2-[[2-[[2-[[2-[[2-[[2-[[2-[[2-[[2-[[2-[[2-[2-[(2-amino-3-carboxypropanoyl)amino]propanoylamino]-4-carboxybutanoyl]amino]-3-phenylpropanoyl]amino]-5-carbamimidamidopentanoyl]amino]-3-(1H-imidazol-4-yl)propanoyl]amino]-3-carboxypropanoyl]amino]-3-hydroxypropanoyl]amino]acetyl]amino]-3-(4-hydroxyphenyl)propanoyl]amino]-4-carboxybutanoyl]amino]-3-methylbutanoyl]amino]-3-(1H-imidazol-4-yl)propanoyl]amino]-3-(1H-imidazol-4-yl)propanoyl]amino]-5-oxopentanoic acid,1825.78,1825.78,0,1,0,14,0,14,0,0,0,0,0,0,2D,NULL,NULL,0,NULL,20151105,"001Chemical|BenchChem|Cooke Chemical Co., Ltd|MolCore BioPharmatech|MolPort|Probes & Drugs portal",Chemical Vendors|Research and Development,NULL
25235410,beta-Amyloid (12-20),beta-Amyloid (12-20)|HY-P1880|134649-29-9|MS-32017|CS-0097316|(2S)-2-[[(2S)-2-[[(2S)-2-[[(2S)-2-[[(2S)-6-amino-2-[[(2S)-5-amino-2-[[(2S)-2-[[(2S)-2-[[(2S)-2-amino-3-methylbutanoyl]amino]-3-(1H-imidazol-5-yl)propanoyl]amino]-3-(1H-imidazol-5-yl)propanoyl]amino]-5-oxopentanoyl]amino]hexanoyl]amino]-4-methylpentanoyl]amino]-3-methylbutanoyl]amino]-3-phenylpropanoyl]amino]-3-phenylpropanoic acid,1154.400,C57H83N15O11,423.000,2120.000,-0.500,83,14,15,36,"InChI=1S/C57H83N15O11/c1-32(2)23-41(54(79)72-48(34(5)6)56(81)70-42(24-35-15-9-7-10-16-35)51(76)71-45(57(82)83)25-36-17-11-8-12-18-36)67-49(74)39(19-13-14-22-58)65-50(75)40(20-21-46(59)73)66-52(77)43(26-37-28-61-30-63-37)68-53(78)44(27-38-29-62-31-64-38)69-55(80)47(60)33(3)4/h7-12,15-18,28-34,39-45,47-48H,13-14,19-27,58,60H2,1-6H3,(H2,59,73)(H,61,63)(H,62,64)(H,65,75)(H,66,77)(H,67,74)(H,68,78)(H,69,80)(H,70,81)(H,71,76)(H,72,79)(H,82,83)/t39-,40-,41-,42-,43-,44-,45-,47-,48-/m0/s1",CC(C)C[C@@H](C(=O)N[C@@H](C(C)C)C(=O)N[C@@H](CC1=CC=CC=C1)C(=O)N[C@@H](CC2=CC=CC=C2)C(=O)O)NC(=O)[C@H](CCCCN)NC(=O)[C@H](CCC(=O)N)NC(=O)[C@H](CC3=CN=CN3)NC(=O)[C@H](CC4=CN=CN4)NC(=O)[C@H](C(C)C)N,CC(C)CC(C(=O)NC(C(C)C)C(=O)NC(CC1=CC=CC=C1)C(=O)NC(CC2=CC=CC=C2)C(=O)O)NC(=O)C(CCCCN)NC(=O)C(CCC(=O)N)NC(=O)C(CC3=CN=CN3)NC(=O)C(CC4=CN=CN4)NC(=O)C(C(C)C)N,YEZCRNKNZWDABB-PZBWUIGESA-N,(2S)-2-[[(2S)-2-[[(2S)-2-[[(2S)-2-[[(2S)-6-amino-2-[[(2S)-5-amino-2-[[(2S)-2-[[(2S)-2-[[(2S)-2-amino-3-methylbutanoyl]amino]-3-(1H-imidazol-5-yl)propanoyl]amino]-3-(1H-imidazol-5-yl)propanoyl]amino]-5-oxopentanoyl]amino]hexanoyl]amino]-4-methylpentanoyl]amino]-3-methylbutanoyl]amino]-3-phenylpropanoyl]amino]-3-phenylpropanoic acid,1153.64,1153.64,0,1,0,9,9,0,0,0,0,0,0,0,2D,NULL,NULL,0,NULL,20090504,AbaChemScene|BenchChem|BOC Sciences|Key Organics/BIONET|MedChemexpress MCE|Probes & Drugs portal|Thomson Pharma,Chemical Vendors|Journal Publishers|Legacy Depositors|Research and Development|Subscription Services,NULL
57339251,Asp-Ala-Glu-Phe-Arg-His-Asp-Ser-Gly-Tyr-Glu-Val-His-His-Gln-Lys-Leu-Val-Phe-Phe-Ala-Glu-Asp-Val-Gly-Ser-Asn-Lys-Gly-Ala-Ile-Ile-Gly-Leu-Met-Val-Gly-Gly-Val-Val-Ile-Ala,"Abeta1-42|Abeta42|Amyloid beta 1-42|Abeta42 [MI]|Abeta 1-42|DAEFRHDSGYEVHHQKLVFFAEDVGSNKGAIIGLMVGGVVIA|Peptide beta (human amyloid)|UNII-042A8N37WH|Human beta-amyloid peptide (1-42)|Asp-Ala-Glu-Phe-Arg-His-Asp-Ser-Gly-Tyr-Glu-Val-His-His-Gln-Lys-Leu-Val-Phe-Phe-Ala-Glu-Asp-Val-Gly-Ser-Asn-Lys-Gly-Ala-Ile-Ile-Gly-Leu-Met-Val-Gly-Gly-Val-Val-Ile-Ala|CTFgamma|beta-amyloid 42|protease nexin-II|preA4|peptidase nexin-II|Beta-Amyloid peptide|ABETA|APPI|CVAP|PN-II|Amyloid beta A4 protein|Amyloid Precursor Protein|Beta-amyloid protein 42|Amyloid Beta peptide (1-42)|alzheimer disease amyloid protein|cerebral vascular amyloid peptide|042A8N37WH|Amyloid b-Peptide (1-42) human|Amyloid beta-Peptide (1-42) human|AKOS024456591|Amyloid ?-Peptide (1-42) (human)|A14075|b-Amyloid (1-42), humanb-Amyloid (1-42), human|PN2",4514.000,C203H311N55O60S,1850.000,11000.000,-12.200,319,62,68,151,"InChI=1S/C203H311N55O60S/c1-28-106(20)164(195(310)220-91-149(267)228-130(71-98(4)5)181(296)238-129(66-70-319-27)179(294)251-158(100(8)9)193(308)218-87-146(264)215-88-151(269)250-160(102(12)13)198(313)255-163(105(18)19)199(314)258-165(107(21)29-2)200(315)227-112(26)202(317)318)257-201(316)166(108(22)30-3)256-169(284)109(23)224-147(265)89-216-171(286)122(51-40-42-67-204)233-188(303)139(81-145(208)263)244-192(307)143(94-260)230-150(268)92-219-194(309)159(101(10)11)252-191(306)141(83-157(280)281)245-177(292)127(60-64-153(272)273)232-168(283)111(25)226-180(295)133(73-113-45-34-31-35-46-113)241-184(299)135(75-115-49-38-33-39-50-115)247-196(311)162(104(16)17)254-190(305)131(72-99(6)7)239-173(288)123(52-41-43-68-205)234-175(290)125(58-62-144(207)262)236-185(300)136(77-117-84-211-95-221-117)243-187(302)138(79-119-86-213-97-223-119)248-197(312)161(103(14)15)253-178(293)128(61-65-154(274)275)237-182(297)132(76-116-54-56-120(261)57-55-116)229-148(266)90-217-172(287)142(93-259)249-189(304)140(82-156(278)279)246-186(301)137(78-118-85-212-96-222-118)242-174(289)124(53-44-69-214-203(209)210)235-183(298)134(74-114-47-36-32-37-48-114)240-176(291)126(59-63-152(270)271)231-167(282)110(24)225-170(285)121(206)80-155(276)277/h31-39,45-50,54-57,84-86,95-112,121-143,158-166,259-261H,28-30,40-44,51-53,58-83,87-94,204-206H2,1-27H3,(H2,207,262)(H2,208,263)(H,211,221)(H,212,222)(H,213,223)(H,215,264)(H,216,286)(H,217,287)(H,218,308)(H,219,309)(H,220,310)(H,224,265)(H,225,285)(H,226,295)(H,227,315)(H,228,267)(H,229,266)(H,230,268)(H,231,282)(H,232,283)(H,233,303)(H,234,290)(H,235,298)(H,236,300)(H,237,297)(H,238,296)(H,239,288)(H,240,291)(H,241,299)(H,242,289)(H,243,302)(H,244,307)(H,245,292)(H,246,301)(H,247,311)(H,248,312)(H,249,304)(H,250,269)(H,251,294)(H,252,306)(H,253,293)(H,254,305)(H,255,313)(H,256,284)(H,257,316)(H,258,314)(H,270,271)(H,272,273)(H,274,275)(H,276,277)(H,278,279)(H,280,281)(H,317,318)(H4,209,210,214)/t106-,107-,108-,109-,110-,111-,112-,121-,122-,123-,124-,125-,126-,127-,128-,129-,130-,131-,132-,133-,134-,135-,136-,137-,138-,139-,140-,141-,142-,143-,158-,159-,160-,161-,162-,163-,164-,165-,166-/m0/s1",CC[C@H](C)[C@@H](C(=O)N[C@@H]([C@@H](C)CC)C(=O)NCC(=O)N[C@@H](CC(C)C)C(=O)N[C@@H](CCSC)C(=O)N[C@@H](C(C)C)C(=O)NCC(=O)NCC(=O)N[C@@H](C(C)C)C(=O)N[C@@H](C(C)C)C(=O)N[C@@H]([C@@H](C)CC)C(=O)N[C@@H](C)C(=O)O)NC(=O)[C@H](C)NC(=O)CNC(=O)[C@H](CCCCN)NC(=O)[C@H](CC(=O)N)NC(=O)[C@H](CO)NC(=O)CNC(=O)[C@H](C(C)C)NC(=O)[C@H](CC(=O)O)NC(=O)[C@H](CCC(=O)O)NC(=O)[C@H](C)NC(=O)[C@H](CC1=CC=CC=C1)NC(=O)[C@H](CC2=CC=CC=C2)NC(=O)[C@H](C(C)C)NC(=O)[C@H](CC(C)C)NC(=O)[C@H](CCCCN)NC(=O)[C@H](CCC(=O)N)NC(=O)[C@H](CC3=CNC=N3)NC(=O)[C@H](CC4=CNC=N4)NC(=O)[C@H](C(C)C)NC(=O)[C@H](CCC(=O)O)NC(=O)[C@H](CC5=CC=C(C=C5)O)NC(=O)CNC(=O)[C@H](CO)NC(=O)[C@H](CC(=O)O)NC(=O)[C@H](CC6=CNC=N6)NC(=O)[C@H](CCCNC(=N)N)NC(=O)[C@H](CC7=CC=CC=C7)NC(=O)[C@H](CCC(=O)O)NC(=O)[C@H](C)NC(=O)[C@H](CC(=O)O)N,CCC(C)C(C(=O)NC(C(C)CC)C(=O)NCC(=O)NC(CC(C)C)C(=O)NC(CCSC)C(=O)NC(C(C)C)C(=O)NCC(=O)NCC(=O)NC(C(C)C)C(=O)NC(C(C)C)C(=O)NC(C(C)CC)C(=O)NC(C)C(=O)O)NC(=O)C(C)NC(=O)CNC(=O)C(CCCCN)NC(=O)C(CC(=O)N)NC(=O)C(CO)NC(=O)CNC(=O)C(C(C)C)NC(=O)C(CC(=O)O)NC(=O)C(CCC(=O)O)NC(=O)C(C)NC(=O)C(CC1=CC=CC=C1)NC(=O)C(CC2=CC=CC=C2)NC(=O)C(C(C)C)NC(=O)C(CC(C)C)NC(=O)C(CCCCN)NC(=O)C(CCC(=O)N)NC(=O)C(CC3=CNC=N3)NC(=O)C(CC4=CNC=N4)NC(=O)C(C(C)C)NC(=O)C(CCC(=O)O)NC(=O)C(CC5=CC=C(C=C5)O)NC(=O)CNC(=O)C(CO)NC(=O)C(CC(=O)O)NC(=O)C(CC6=CNC=N6)NC(=O)C(CCCNC(=N)N)NC(=O)C(CC7=CC=CC=C7)NC(=O)C(CCC(=O)O)NC(=O)C(C)NC(=O)C(CC(=O)O)N,DZHSAHHDTRWUTF-SIQRNXPUSA-N,"(4S)-5-[[(2S)-1-[[(2S)-1-[[(2S)-1-[[(2S)-1-[[(2S)-1-[[2-[[(2S)-1-[[(2S)-1-[[(2S)-1-[[(2S)-1-[[(2S)-1-[[(2S)-5-amino-1-[[(2S)-6-amino-1-[[(2S)-1-[[(2S)-1-[[(2S)-1-[[(2S)-1-[[(2S)-1-[[(2S)-1-[[(2S)-1-[[(2S)-1-[[2-[[(2S)-1-[[(2S)-4-amino-1-[[(2S)-6-amino-1-[[2-[[(2S)-1-[[(2S,3S)-1-[[(2S,3S)-1-[[2-[[(2S)-1-[[(2S)-1-[[(2S)-1-[[2-[[2-[[(2S)-1-[[(2S)-1-[[(2S,3S)-1-[[(1S)-1-carboxyethyl]amino]-3-methyl-1-oxopentan-2-yl]amino]-3-methyl-1-oxobutan-2-yl]amino]-3-methyl-1-oxobutan-2-yl]amino]-2-oxoethyl]amino]-2-oxoethyl]amino]-3-methyl-1-oxobutan-2-yl]amino]-4-methylsulfanyl-1-oxobutan-2-yl]amino]-4-methyl-1-oxopentan-2-yl]amino]-2-oxoethyl]amino]-3-methyl-1-oxopentan-2-yl]amino]-3-methyl-1-oxopentan-2-yl]amino]-1-oxopropan-2-yl]amino]-2-oxoethyl]amino]-1-oxohexan-2-yl]amino]-1,4-dioxobutan-2-yl]amino]-3-hydroxy-1-oxopropan-2-yl]amino]-2-oxoethyl]amino]-3-methyl-1-oxobutan-2-yl]amino]-3-carboxy-1-oxopropan-2-yl]amino]-4-carboxy-1-oxobutan-2-yl]amino]-1-oxopropan-2-yl]amino]-1-oxo-3-phenylpropan-2-yl]amino]-1-oxo-3-phenylpropan-2-yl]amino]-3-methyl-1-oxobutan-2-yl]amino]-4-methyl-1-oxopentan-2-yl]amino]-1-oxohexan-2-yl]amino]-1,5-dioxopentan-2-yl]amino]-3-(1H-imidazol-4-yl)-1-oxopropan-2-yl]amino]-3-(1H-imidazol-4-yl)-1-oxopropan-2-yl]amino]-3-methyl-1-oxobutan-2-yl]amino]-4-carboxy-1-oxobutan-2-yl]amino]-3-(4-hydroxyphenyl)-1-oxopropan-2-yl]amino]-2-oxoethyl]amino]-3-hydroxy-1-oxopropan-2-yl]amino]-3-carboxy-1-oxopropan-2-yl]amino]-3-(1H-imidazol-4-yl)-1-oxopropan-2-yl]amino]-5-carbamimidamido-1-oxopentan-2-yl]amino]-1-oxo-3-phenylpropan-2-yl]amino]-4-[[(2S)-2-[[(2S)-2-amino-3-carboxypropanoyl]amino]propanoyl]amino]-5-oxopentanoic acid",4513.28,4511.27,0,1,0,39,39,0,0,0,0,12,5625,1463,2D,NULL,Classification|Literature|Patents,5,NULL,20120703,"Adooq BioScience|AKos Consulting & Solutions|Alsachim|Aurora Fine Chemicals LLC|ChEBI|ChemIDplus|Comparative Toxicogenomics Database (CTD)|Google Patents|LabNetwork, a WuXi AppTec Company|MolPort|SB-PEPTIDE|TargetMol|THE BioTek|Tocris Bioscience",Chemical Vendors|Curation Efforts|Governmental Organizations|Legacy Depositors|Research and Development,NULL
139600448,Amyloid beta-protein(29-40),Amyloid beta-Protein (29-40)|beta-Amyloid (29-40)|Amyloid b-Protein (29-40)|Amyloid beta-protein(29-40),1085.400,C49H88N12O13S,409.000,1960.000,0.100,75,13,15,35,"InChI=1S/C49H88N12O13S/c1-15-28(11)40(61-48(72)41(29(12)16-2)60-42(66)30(13)54-33(62)20-50)46(70)53-23-35(64)55-32(19-24(3)4)44(68)56-31(17-18-75-14)43(67)58-37(25(5)6)45(69)52-21-34(63)51-22-36(65)57-38(26(7)8)47(71)59-39(27(9)10)49(73)74/h24-32,37-41H,15-23,50H2,1-14H3,(H,51,63)(H,52,69)(H,53,70)(H,54,62)(H,55,64)(H,56,68)(H,57,65)(H,58,67)(H,59,71)(H,60,66)(H,61,72)(H,73,74)",CCC(C)C(C(=O)NC(C(C)CC)C(=O)NCC(=O)NC(CC(C)C)C(=O)NC(CCSC)C(=O)NC(C(C)C)C(=O)NCC(=O)NCC(=O)NC(C(C)C)C(=O)NC(C(C)C)C(=O)O)NC(=O)C(C)NC(=O)CN,CCC(C)C(C(=O)NC(C(C)CC)C(=O)NCC(=O)NC(CC(C)C)C(=O)NC(CCSC)C(=O)NC(C(C)C)C(=O)NCC(=O)NCC(=O)NC(C(C)C)C(=O)NC(C(C)C)C(=O)O)NC(=O)C(C)NC(=O)CN,CBRNMAKKYFYZMI-UHFFFAOYSA-N,2-[[2-[[2-[[2-[[2-[[2-[[2-[[2-[[2-[[2-[2-[(2-aminoacetyl)amino]propanoylamino]-3-methylpentanoyl]amino]-3-methylpentanoyl]amino]acetyl]amino]-4-methylpentanoyl]amino]-4-methylsulfanylbutanoyl]amino]-3-methylbutanoyl]amino]acetyl]amino]acetyl]amino]-3-methylbutanoyl]amino]-3-methylbutanoic acid,1084.63,1084.63,0,1,0,10,0,10,0,0,0,11,0,0,2D,NULL,Classification|Literature,2,NULL,20191130,"A2B Chem|AA BLOCKS|BenchChem|Clearsynth|Cooke Chemical Co., Ltd|MolCore BioPharmatech",Chemical Vendors,NULL
10843733,Amyloid beta-peptide(25-35),"131602-53-4|Amyloid beta-peptide(25-35)|Abeta25-35|Amyloid -Protein (25-35)|Amyloid beta-Protein(25-35)|GSNKGAIIGLM|beta-amyloid (25-35)|Amyloid b (25-35)|b-Amyloid peptide(25-35)|CHEMBL408626|Ab25-35|C45H81N13O14S|HB8524|MFCD00133076|AKOS024456592|b-Amyloid peptide(25-35)Ab25-35|Amyloid ?-peptide (25-35) (human)|NCGC00167233-01|beta-Amyloid Peptide (25-35) (human)|L-Methionine,glycyl-L-seryl-L-asparaginyl-L-lysylglycyl-L-alanyl-L-isoleucyl-L-isoleucylglycyl-L-leucyl-|A|A25-35; |A-Amyloid peptide(25-35)|A899113|A??25-35|H-Gly-Ser-Asn-Lys-Gly-Ala-Ile-Ile-Gly-Leu-Met-OH",1060.300,C45H81N13O14S,469.000,1880.000,-4.900,73,15,17,37,"InChI=1S/C45H81N13O14S/c1-9-24(5)36(43(69)50-21-35(63)52-29(17-23(3)4)40(66)55-28(45(71)72)14-16-73-8)58-44(70)37(25(6)10-2)57-38(64)26(7)51-34(62)20-49-39(65)27(13-11-12-15-46)54-41(67)30(18-32(48)60)56-42(68)31(22-59)53-33(61)19-47/h23-31,36-37,59H,9-22,46-47H2,1-8H3,(H2,48,60)(H,49,65)(H,50,69)(H,51,62)(H,52,63)(H,53,61)(H,54,67)(H,55,66)(H,56,68)(H,57,64)(H,58,70)(H,71,72)/t24-,25-,26-,27-,28-,29-,30-,31-,36-,37-/m0/s1",CC[C@H](C)[C@@H](C(=O)N[C@@H]([C@@H](C)CC)C(=O)NCC(=O)N[C@@H](CC(C)C)C(=O)N[C@@H](CCSC)C(=O)O)NC(=O)[C@H](C)NC(=O)CNC(=O)[C@H](CCCCN)NC(=O)[C@H](CC(=O)N)NC(=O)[C@H](CO)NC(=O)CN,CCC(C)C(C(=O)NC(C(C)CC)C(=O)NCC(=O)NC(CC(C)C)C(=O)NC(CCSC)C(=O)O)NC(=O)C(C)NC(=O)CNC(=O)C(CCCCN)NC(=O)C(CC(=O)N)NC(=O)C(CO)NC(=O)CN,WIHBNMPFWRHGDF-SLVFWPMISA-N,"(2S)-2-[[(2S)-2-[[2-[[(2S,3S)-2-[[(2S,3S)-2-[[(2S)-2-[[2-[[(2S)-6-amino-2-[[(2S)-4-amino-2-[[(2S)-2-[(2-aminoacetyl)amino]-3-hydroxypropanoyl]amino]-4-oxobutanoyl]amino]hexanoyl]amino]acetyl]amino]propanoyl]amino]-3-methylpentanoyl]amino]-3-methylpentanoyl]amino]acetyl]amino]-4-methylpentanoyl]amino]-4-methylsulfanylbutanoic acid",1059.57,1059.57,0,1,0,10,10,0,0,0,0,1415,0,0,2D,NULL,Biological Test Results|Classification|Literature,3,1469|1477|1479|1490|1766|1768|2101|2107|2112|2314|2315|2451|2472|2517|2528|2546|2549|2551|236336|485281|485290|504327|504847|588579|602332|720532|720533,20061026,"001Chemical|3B Scientific (Wuhan) Corp|AA BLOCKS|abcr GmbH|AbMole Bioscience|Adooq BioScience|AKos Consulting & Solutions|Amadis Chemical|Ambinter|ApexBio Technology|AstaTech, Inc.|Aurora Fine Chemicals LLC|BOC Sciences|Chem-Space.com Database|ChEMBL|Chemieliva Pharmaceutical Co., Ltd|ChemMol|ChemSpider|Combi-Blocks|CymitQuimica|DiscoveryGate|Hello Bio|J&H Chemical Co.,ltd|Japan Chemical Substance Dictionary (Nikkaji)|LabNetwork, a WuXi AppTec Company|Molepedia|MolPort|MuseChem|National Center for Advancing Translational Sciences (NCATS)|NextBio|Probes & Drugs portal|TargetMol|Thomson Pharma|Tocris Bioscience",Chemical Vendors|Curation Efforts|Governmental Organizations|Journal Publishers|Legacy Depositors|NIH Initiatives|Research and Development|Subscription Services,NULL
131954545,AMyloid beta-Protein (1-40),"beta-Amyloid (1-40), rat|AMyloid beta-Protein (1-40)|131438-79-4|DAEFRHDSGYEVHHQKLVFFAEDVGSNKGAIIGLMVGGVV||A-Amyloid (1-40)|C194H295N53O58S|HB8758|AKOS034831535|beta-Amyloid Peptide (1-40) (human)|PD079023|FT-0688951",4330.000,C194H295N53O58S,1790.000,10500.000,-13.100,306,60,66,145,"InChI=1S/C194H295N53O58S/c1-25-102(19)158(188(299)211-87-143(256)218-124(67-94(3)4)174(285)228-123(62-66-306-24)172(283)241-152(96(7)8)186(297)209-83-140(253)206-84-145(258)240-154(98(11)12)191(302)245-157(101(17)18)193(304)305)247-192(303)159(103(20)26-2)246-162(273)104(21)215-141(254)85-207-164(275)116(47-36-38-63-195)223-181(292)133(77-139(199)252)234-185(296)137(90-249)220-144(257)88-210-187(298)153(97(9)10)242-184(295)135(79-151(269)270)235-170(281)121(56-60-147(261)262)222-161(272)106(23)217-173(284)127(69-107-41-30-27-31-42-107)231-177(288)129(71-109-45-34-29-35-46-109)237-189(300)156(100(15)16)244-183(294)125(68-95(5)6)229-166(277)117(48-37-39-64-196)224-168(279)119(54-58-138(198)251)226-178(289)130(73-111-80-202-91-212-111)233-180(291)132(75-113-82-204-93-214-113)238-190(301)155(99(13)14)243-171(282)122(57-61-148(263)264)227-175(286)126(72-110-50-52-114(250)53-51-110)219-142(255)86-208-165(276)136(89-248)239-182(293)134(78-150(267)268)236-179(290)131(74-112-81-203-92-213-112)232-167(278)118(49-40-65-205-194(200)201)225-176(287)128(70-108-43-32-28-33-44-108)230-169(280)120(55-59-146(259)260)221-160(271)105(22)216-163(274)115(197)76-149(265)266/h27-35,41-46,50-53,80-82,91-106,115-137,152-159,248-250H,25-26,36-40,47-49,54-79,83-90,195-197H2,1-24H3,(H2,198,251)(H2,199,252)(H,202,212)(H,203,213)(H,204,214)(H,206,253)(H,207,275)(H,208,276)(H,209,297)(H,210,298)(H,211,299)(H,215,254)(H,216,274)(H,217,284)(H,218,256)(H,219,255)(H,220,257)(H,221,271)(H,222,272)(H,223,292)(H,224,279)(H,225,287)(H,226,289)(H,227,286)(H,228,285)(H,229,277)(H,230,280)(H,231,288)(H,232,278)(H,233,291)(H,234,296)(H,235,281)(H,236,290)(H,237,300)(H,238,301)(H,239,293)(H,240,258)(H,241,283)(H,242,295)(H,243,282)(H,244,294)(H,245,302)(H,246,273)(H,247,303)(H,259,260)(H,261,262)(H,263,264)(H,265,266)(H,267,268)(H,269,270)(H,304,305)(H4,200,201,205)",CCC(C)C(C(=O)NC(C(C)CC)C(=O)NCC(=O)NC(CC(C)C)C(=O)NC(CCSC)C(=O)NC(C(C)C)C(=O)NCC(=O)NCC(=O)NC(C(C)C)C(=O)NC(C(C)C)C(=O)O)NC(=O)C(C)NC(=O)CNC(=O)C(CCCCN)NC(=O)C(CC(=O)N)NC(=O)C(CO)NC(=O)CNC(=O)C(C(C)C)NC(=O)C(CC(=O)O)NC(=O)C(CCC(=O)O)NC(=O)C(C)NC(=O)C(CC1=CC=CC=C1)NC(=O)C(CC2=CC=CC=C2)NC(=O)C(C(C)C)NC(=O)C(CC(C)C)NC(=O)C(CCCCN)NC(=O)C(CCC(=O)N)NC(=O)C(CC3=CNC=N3)NC(=O)C(CC4=CNC=N4)NC(=O)C(C(C)C)NC(=O)C(CCC(=O)O)NC(=O)C(CC5=CC=C(C=C5)O)NC(=O)CNC(=O)C(CO)NC(=O)C(CC(=O)O)NC(=O)C(CC6=CNC=N6)NC(=O)C(CCCNC(=N)N)NC(=O)C(CC7=CC=CC=C7)NC(=O)C(CCC(=O)O)NC(=O)C(C)NC(=O)C(CC(=O)O)N,CCC(C)C(C(=O)NC(C(C)CC)C(=O)NCC(=O)NC(CC(C)C)C(=O)NC(CCSC)C(=O)NC(C(C)C)C(=O)NCC(=O)NCC(=O)NC(C(C)C)C(=O)NC(C(C)C)C(=O)O)NC(=O)C(C)NC(=O)CNC(=O)C(CCCCN)NC(=O)C(CC(=O)N)NC(=O)C(CO)NC(=O)CNC(=O)C(C(C)C)NC(=O)C(CC(=O)O)NC(=O)C(CCC(=O)O)NC(=O)C(C)NC(=O)C(CC1=CC=CC=C1)NC(=O)C(CC2=CC=CC=C2)NC(=O)C(C(C)C)NC(=O)C(CC(C)C)NC(=O)C(CCCCN)NC(=O)C(CCC(=O)N)NC(=O)C(CC3=CNC=N3)NC(=O)C(CC4=CNC=N4)NC(=O)C(C(C)C)NC(=O)C(CCC(=O)O)NC(=O)C(CC5=CC=C(C=C5)O)NC(=O)CNC(=O)C(CO)NC(=O)C(CC(=O)O)NC(=O)C(CC6=CNC=N6)NC(=O)C(CCCNC(=N)N)NC(=O)C(CC7=CC=CC=C7)NC(=O)C(CCC(=O)O)NC(=O)C(C)NC(=O)C(CC(=O)O)N,FEWOUVRMGWFWIH-UHFFFAOYSA-N,"5-[[1-[[1-[[1-[[1-[[1-[[2-[[1-[[1-[[1-[[1-[[1-[[5-amino-1-[[6-amino-1-[[1-[[1-[[1-[[1-[[1-[[1-[[1-[[1-[[2-[[1-[[4-amino-1-[[6-amino-1-[[2-[[1-[[1-[[1-[[2-[[1-[[1-[[1-[[2-[[2-[[1-[(1-carboxy-2-methylpropyl)amino]-3-methyl-1-oxobutan-2-yl]amino]-2-oxoethyl]amino]-2-oxoethyl]amino]-3-methyl-1-oxobutan-2-yl]amino]-4-methylsulfanyl-1-oxobutan-2-yl]amino]-4-methyl-1-oxopentan-2-yl]amino]-2-oxoethyl]amino]-3-methyl-1-oxopentan-2-yl]amino]-3-methyl-1-oxopentan-2-yl]amino]-1-oxopropan-2-yl]amino]-2-oxoethyl]amino]-1-oxohexan-2-yl]amino]-1,4-dioxobutan-2-yl]amino]-3-hydroxy-1-oxopropan-2-yl]amino]-2-oxoethyl]amino]-3-methyl-1-oxobutan-2-yl]amino]-3-carboxy-1-oxopropan-2-yl]amino]-4-carboxy-1-oxobutan-2-yl]amino]-1-oxopropan-2-yl]amino]-1-oxo-3-phenylpropan-2-yl]amino]-1-oxo-3-phenylpropan-2-yl]amino]-3-methyl-1-oxobutan-2-yl]amino]-4-methyl-1-oxopentan-2-yl]amino]-1-oxohexan-2-yl]amino]-1,5-dioxopentan-2-yl]amino]-3-(1H-imidazol-4-yl)-1-oxopropan-2-yl]amino]-3-(1H-imidazol-4-yl)-1-oxopropan-2-yl]amino]-3-methyl-1-oxobutan-2-yl]amino]-4-carboxy-1-oxobutan-2-yl]amino]-3-(4-hydroxyphenyl)-1-oxopropan-2-yl]amino]-2-oxoethyl]amino]-3-hydroxy-1-oxopropan-2-yl]amino]-3-carboxy-1-oxopropan-2-yl]amino]-3-(1H-imidazol-4-yl)-1-oxopropan-2-yl]amino]-5-carbamimidamido-1-oxopentan-2-yl]amino]-1-oxo-3-phenylpropan-2-yl]amino]-4-[2-[(2-amino-3-carboxypropanoyl)amino]propanoylamino]-5-oxopentanoic acid",4329.16,4327.15,0,1,0,36,0,36,0,0,0,3332,0,0,2D,NULL,Classification|Literature,2,NULL,20180116,001Chemical|AKos Consulting & Solutions|Finetech Industry Limited|Hello Bio|MolCore BioPharmatech|MolPort|Pi Chemicals|Probes & Drugs portal|Starshine Chemical,Chemical Vendors|Research and Development,NULL
3605362,Amyloid beta-Protein (22-35),144189-71-9|Amyloid beta-Protein (22-35)|beta-Amyloid (22-35)|AC1MTOKN|beta-Amyloid 22-35|Amyloid |A-Protein (22-35)|DTXSID40394091|PD099331,1403.600,C59H102N16O21S,631.000,2730.000,-8.400,97,20,24,49,"InChI=1S/C59H102N16O21S/c1-11-30(7)47(57(93)65-25-42(79)67-36(21-28(3)4)52(88)70-35(59(95)96)18-20-97-10)75-58(94)48(31(8)12-2)74-49(85)32(9)66-41(78)24-63-51(87)34(15-13-14-19-60)69-53(89)37(22-40(62)77)72-55(91)39(27-76)68-43(80)26-64-56(92)46(29(5)6)73-54(90)38(23-45(83)84)71-50(86)33(61)16-17-44(81)82/h28-39,46-48,76H,11-27,60-61H2,1-10H3,(H2,62,77)(H,63,87)(H,64,92)(H,65,93)(H,66,78)(H,67,79)(H,68,80)(H,69,89)(H,70,88)(H,71,86)(H,72,91)(H,73,90)(H,74,85)(H,75,94)(H,81,82)(H,83,84)(H,95,96)",CCC(C)C(C(=O)NC(C(C)CC)C(=O)NCC(=O)NC(CC(C)C)C(=O)NC(CCSC)C(=O)O)NC(=O)C(C)NC(=O)CNC(=O)C(CCCCN)NC(=O)C(CC(=O)N)NC(=O)C(CO)NC(=O)CNC(=O)C(C(C)C)NC(=O)C(CC(=O)O)NC(=O)C(CCC(=O)O)N,CCC(C)C(C(=O)NC(C(C)CC)C(=O)NCC(=O)NC(CC(C)C)C(=O)NC(CCSC)C(=O)O)NC(=O)C(C)NC(=O)CNC(=O)C(CCCCN)NC(=O)C(CC(=O)N)NC(=O)C(CO)NC(=O)CNC(=O)C(C(C)C)NC(=O)C(CC(=O)O)NC(=O)C(CCC(=O)O)N,KUDAPIFTNDCCFG-UHFFFAOYSA-N,"4-amino-5-[[1-[[1-[[2-[[1-[[4-amino-1-[[6-amino-1-[[2-[[1-[[1-[[1-[[2-[[1-[(1-carboxy-3-methylsulfanylpropyl)amino]-4-methyl-1-oxopentan-2-yl]amino]-2-oxoethyl]amino]-3-methyl-1-oxopentan-2-yl]amino]-3-methyl-1-oxopentan-2-yl]amino]-1-oxopropan-2-yl]amino]-2-oxoethyl]amino]-1-oxohexan-2-yl]amino]-1,4-dioxobutan-2-yl]amino]-3-hydroxy-1-oxopropan-2-yl]amino]-2-oxoethyl]amino]-3-methyl-1-oxobutan-2-yl]amino]-3-carboxy-1-oxopropan-2-yl]amino]-5-oxopentanoic acid",1402.71,1402.71,0,1,0,13,0,13,0,0,0,0,0,0,2D,NULL,NULL,0,NULL,20050909,ABI Chem|Ambinter|Aurora Fine Chemicals LLC|BenchChem|BOC Sciences|Chembase.cn|ChemDB|CreativePeptides|CymitQuimica|EPA DSSTox|MolCore BioPharmatech|NextBio|Pi Chemicals|Probes & Drugs portal|RR Scientific|Sigma-Aldrich|Smolecule|Starshine Chemical|THE BioTek,Chemical Vendors|Curation Efforts|Governmental Organizations|Legacy Depositors|Research and Development|Subscription Services,NULL
91977102,Amyloid beta-Protein (1-28),109770-29-8|Amyloid beta-Protein (1-28)|BETA-AMYLOID (1-28),3262.500,C145H209N41O46,1420.000,7650.000,-15.900,232,48,53,109,"InChI=1S/C145H209N41O46/c1-71(2)49-93(138(225)186-118(74(7)8)142(229)181-97(52-79-29-18-13-19-30-79)132(219)175-95(50-77-25-14-11-15-26-77)129(216)163-76(10)120(207)167-90(40-44-111(196)197)127(214)179-103(60-115(204)205)139(226)184-116(72(3)4)141(228)158-65-109(193)165-105(67-188)140(227)178-101(58-107(150)191)136(223)172-92(144(231)232)32-21-23-47-147)173-123(210)86(31-20-22-46-146)168-125(212)88(38-42-106(149)190)170-133(220)98(54-81-61-153-68-159-81)177-135(222)100(56-83-63-155-70-161-83)182-143(230)117(73(5)6)185-128(215)91(41-45-112(198)199)171-130(217)94(53-80-34-36-84(189)37-35-80)164-108(192)64-157-122(209)104(66-187)183-137(224)102(59-114(202)203)180-134(221)99(55-82-62-154-69-160-82)176-124(211)87(33-24-48-156-145(151)152)169-131(218)96(51-78-27-16-12-17-28-78)174-126(213)89(39-43-110(194)195)166-119(206)75(9)162-121(208)85(148)57-113(200)201/h11-19,25-30,34-37,61-63,68-76,85-105,116-118,187-189H,20-24,31-33,38-60,64-67,146-148H2,1-10H3,(H2,149,190)(H2,150,191)(H,153,159)(H,154,160)(H,155,161)(H,157,209)(H,158,228)(H,162,208)(H,163,216)(H,164,192)(H,165,193)(H,166,206)(H,167,207)(H,168,212)(H,169,218)(H,170,220)(H,171,217)(H,172,223)(H,173,210)(H,174,213)(H,175,219)(H,176,211)(H,177,222)(H,178,227)(H,179,214)(H,180,221)(H,181,229)(H,182,230)(H,183,224)(H,184,226)(H,185,215)(H,186,225)(H,194,195)(H,196,197)(H,198,199)(H,200,201)(H,202,203)(H,204,205)(H,231,232)(H4,151,152,156)",CC(C)CC(C(=O)NC(C(C)C)C(=O)NC(CC1=CC=CC=C1)C(=O)NC(CC2=CC=CC=C2)C(=O)NC(C)C(=O)NC(CCC(=O)O)C(=O)NC(CC(=O)O)C(=O)NC(C(C)C)C(=O)NCC(=O)NC(CO)C(=O)NC(CC(=O)N)C(=O)NC(CCCCN)C(=O)O)NC(=O)C(CCCCN)NC(=O)C(CCC(=O)N)NC(=O)C(CC3=CNC=N3)NC(=O)C(CC4=CNC=N4)NC(=O)C(C(C)C)NC(=O)C(CCC(=O)O)NC(=O)C(CC5=CC=C(C=C5)O)NC(=O)CNC(=O)C(CO)NC(=O)C(CC(=O)O)NC(=O)C(CC6=CNC=N6)NC(=O)C(CCCNC(=N)N)NC(=O)C(CC7=CC=CC=C7)NC(=O)C(CCC(=O)O)NC(=O)C(C)NC(=O)C(CC(=O)O)N,CC(C)CC(C(=O)NC(C(C)C)C(=O)NC(CC1=CC=CC=C1)C(=O)NC(CC2=CC=CC=C2)C(=O)NC(C)C(=O)NC(CCC(=O)O)C(=O)NC(CC(=O)O)C(=O)NC(C(C)C)C(=O)NCC(=O)NC(CO)C(=O)NC(CC(=O)N)C(=O)NC(CCCCN)C(=O)O)NC(=O)C(CCCCN)NC(=O)C(CCC(=O)N)NC(=O)C(CC3=CNC=N3)NC(=O)C(CC4=CNC=N4)NC(=O)C(C(C)C)NC(=O)C(CCC(=O)O)NC(=O)C(CC5=CC=C(C=C5)O)NC(=O)CNC(=O)C(CO)NC(=O)C(CC(=O)O)NC(=O)C(CC6=CNC=N6)NC(=O)C(CCCNC(=N)N)NC(=O)C(CC7=CC=CC=C7)NC(=O)C(CCC(=O)O)NC(=O)C(C)NC(=O)C(CC(=O)O)N,CMKVKXQGLWBAFY-UHFFFAOYSA-N,6-amino-2-[[4-amino-2-[[2-[[2-[[2-[[2-[[2-[2-[[2-[[2-[[2-[[2-[[6-amino-2-[[5-amino-2-[[2-[[2-[[2-[[2-[[2-[[2-[[2-[[2-[[2-[[2-[[2-[[2-[2-[(2-amino-3-carboxypropanoyl)amino]propanoylamino]-4-carboxybutanoyl]amino]-3-phenylpropanoyl]amino]-5-carbamimidamidopentanoyl]amino]-3-(1H-imidazol-4-yl)propanoyl]amino]-3-carboxypropanoyl]amino]-3-hydroxypropanoyl]amino]acetyl]amino]-3-(4-hydroxyphenyl)propanoyl]amino]-4-carboxybutanoyl]amino]-3-methylbutanoyl]amino]-3-(1H-imidazol-4-yl)propanoyl]amino]-3-(1H-imidazol-4-yl)propanoyl]amino]-5-oxopentanoyl]amino]hexanoyl]amino]-4-methylpentanoyl]amino]-3-methylbutanoyl]amino]-3-phenylpropanoyl]amino]-3-phenylpropanoyl]amino]propanoylamino]-4-carboxybutanoyl]amino]-3-carboxypropanoyl]amino]-3-methylbutanoyl]amino]acetyl]amino]-3-hydroxypropanoyl]amino]-4-oxobutanoyl]amino]hexanoic acid,3261.53,3260.53,0,1,0,26,0,26,0,0,0,77,0,0,2D,NULL,Classification|Literature,2,NULL,20151105,"001Chemical|BenchChem|BOC Sciences|Cooke Chemical Co., Ltd|CreativePeptides|CymitQuimica|J&H Chemical Co.,ltd|MolCore BioPharmatech|Pi Chemicals|RR Scientific|Smolecule|THE BioTek",Chemical Vendors|Research and Development,NULL
16131051,Amyloid beta-protein (17-42),"Amyloid beta-protein (17-42)|155178-13-5|Abeta 17-42|beta-Amyloid peptide 17-42|L-Leucyl-L-valyl-L-phenylalanyl-L-phenylalanyl-L-alanyl-L-alpha-glutamyl-L-alpha-aspartyl-L-valylglycyl-L-seryl-L-asparaginyl-L-lysylglycyl-L-alanyl-L-isoleucyl-L-isoleucylglycyl-L-leucyl-L-methionyl-L-valylglycylglycyl-L-valyl-L-valyl-L-isoleucyl-L-alanine|DTXSID60165846|C119H194N28O33S|PD133803|C119-H194-N28-O33-S|L-Alanine, L-leucyl-L-valyl-L-phenylalanyl-L-phenylalanyl-L-alanyl-L-alpha-glutamyl-L-alpha-aspartyl-L-valylglycyl-L-seryl-L-asparaginyl-L-lysylglycyl-L-alanyl-L-isoleucyl-L-isoleucylglycyl-L-leucyl-L-methionyl-L-valylglycylglycyl-L-valyl-L-valyl-L-isoleucyl-",2577.000,C119H194N28O33S,980.000,5650.000,-2.600,181,32,36,85,"InChI=1S/C119H194N28O33S/c1-25-65(18)96(113(173)127-55-86(152)131-77(47-59(6)7)106(166)135-76(43-45-181-24)104(164)142-91(60(8)9)111(171)125-52-84(150)123-53-88(154)140-93(62(12)13)115(175)144-95(64(16)17)116(176)147-97(66(19)26-2)117(177)130-70(23)119(179)180)146-118(178)98(67(20)27-3)145-100(160)68(21)128-85(151)54-124-102(162)74(40-34-35-44-120)134-108(168)80(50-83(122)149)137-110(170)82(57-148)132-87(153)56-126-112(172)92(61(10)11)143-109(169)81(51-90(157)158)138-103(163)75(41-42-89(155)156)133-99(159)69(22)129-105(165)78(48-71-36-30-28-31-37-71)136-107(167)79(49-72-38-32-29-33-39-72)139-114(174)94(63(14)15)141-101(161)73(121)46-58(4)5/h28-33,36-39,58-70,73-82,91-98,148H,25-27,34-35,40-57,120-121H2,1-24H3,(H2,122,149)(H,123,150)(H,124,162)(H,125,171)(H,126,172)(H,127,173)(H,128,151)(H,129,165)(H,130,177)(H,131,152)(H,132,153)(H,133,159)(H,134,168)(H,135,166)(H,136,167)(H,137,170)(H,138,163)(H,139,174)(H,140,154)(H,141,161)(H,142,164)(H,143,169)(H,144,175)(H,145,160)(H,146,178)(H,147,176)(H,155,156)(H,157,158)(H,179,180)/t65-,66-,67-,68-,69-,70-,73-,74-,75-,76-,77-,78-,79-,80-,81-,82-,91-,92-,93-,94-,95-,96-,97-,98-/m0/s1",CC[C@H](C)[C@@H](C(=O)N[C@@H]([C@@H](C)CC)C(=O)NCC(=O)N[C@@H](CC(C)C)C(=O)N[C@@H](CCSC)C(=O)N[C@@H](C(C)C)C(=O)NCC(=O)NCC(=O)N[C@@H](C(C)C)C(=O)N[C@@H](C(C)C)C(=O)N[C@@H]([C@@H](C)CC)C(=O)N[C@@H](C)C(=O)O)NC(=O)[C@H](C)NC(=O)CNC(=O)[C@H](CCCCN)NC(=O)[C@H](CC(=O)N)NC(=O)[C@H](CO)NC(=O)CNC(=O)[C@H](C(C)C)NC(=O)[C@H](CC(=O)O)NC(=O)[C@H](CCC(=O)O)NC(=O)[C@H](C)NC(=O)[C@H](CC1=CC=CC=C1)NC(=O)[C@H](CC2=CC=CC=C2)NC(=O)[C@H](C(C)C)NC(=O)[C@H](CC(C)C)N,CCC(C)C(C(=O)NC(C(C)CC)C(=O)NCC(=O)NC(CC(C)C)C(=O)NC(CCSC)C(=O)NC(C(C)C)C(=O)NCC(=O)NCC(=O)NC(C(C)C)C(=O)NC(C(C)C)C(=O)NC(C(C)CC)C(=O)NC(C)C(=O)O)NC(=O)C(C)NC(=O)CNC(=O)C(CCCCN)NC(=O)C(CC(=O)N)NC(=O)C(CO)NC(=O)CNC(=O)C(C(C)C)NC(=O)C(CC(=O)O)NC(=O)C(CCC(=O)O)NC(=O)C(C)NC(=O)C(CC1=CC=CC=C1)NC(=O)C(CC2=CC=CC=C2)NC(=O)C(C(C)C)NC(=O)C(CC(C)C)N,IJFDWFCPZVWUDC-FWKDGKLYSA-N,"(4S)-5-[[(2S)-1-[[(2S)-1-[[2-[[(2S)-1-[[(2S)-4-amino-1-[[(2S)-6-amino-1-[[2-[[(2S)-1-[[(2S,3S)-1-[[(2S,3S)-1-[[2-[[(2S)-1-[[(2S)-1-[[(2S)-1-[[2-[[2-[[(2S)-1-[[(2S)-1-[[(2S,3S)-1-[[(1S)-1-carboxyethyl]amino]-3-methyl-1-oxopentan-2-yl]amino]-3-methyl-1-oxobutan-2-yl]amino]-3-methyl-1-oxobutan-2-yl]amino]-2-oxoethyl]amino]-2-oxoethyl]amino]-3-methyl-1-oxobutan-2-yl]amino]-4-methylsulfanyl-1-oxobutan-2-yl]amino]-4-methyl-1-oxopentan-2-yl]amino]-2-oxoethyl]amino]-3-methyl-1-oxopentan-2-yl]amino]-3-methyl-1-oxopentan-2-yl]amino]-1-oxopropan-2-yl]amino]-2-oxoethyl]amino]-1-oxohexan-2-yl]amino]-1,4-dioxobutan-2-yl]amino]-3-hydroxy-1-oxopropan-2-yl]amino]-2-oxoethyl]amino]-3-methyl-1-oxobutan-2-yl]amino]-3-carboxy-1-oxopropan-2-yl]amino]-4-[[(2S)-2-[[(2S)-2-[[(2S)-2-[[(2S)-2-[[(2S)-2-amino-4-methylpentanoyl]amino]-3-methylbutanoyl]amino]-3-phenylpropanoyl]amino]-3-phenylpropanoyl]amino]propanoyl]amino]-5-oxopentanoic acid",2576.41,2575.41,0,1,0,24,24,0,0,0,0,47,42,7,2D,NULL,Classification|Literature|Patents,3,NULL,20070703,"BenchChem|ChemIDplus|ChemSpider|CymitQuimica|DiscoveryGate|EPA DSSTox|Google Patents|J&H Chemical Co.,ltd|MolPort|MuseChem|Probes & Drugs portal|RR Scientific|Smolecule|THE BioTek|ToxPlanet",Chemical Vendors|Curation Efforts|Governmental Organizations|Legacy Depositors|Research and Development|Subscription Services,NULL
146156923,Amyloid beta-Protein (1-16),131580-10-4|Amyloid beta-Protein (1-16)|beta-Amyloid (1-16),1955.000,C84H119N27O28,907.000,4200.000,-12.400,139,31,34,65,"InChI=1S/C84H119N27O28/c1-41(2)68(82(137)109-59(30-47-35-92-40-97-47)80(135)107-57(28-45-33-90-38-95-45)78(133)102-51(18-21-62(87)114)73(128)104-54(83(138)139)12-7-8-24-85)111-75(130)53(20-23-65(118)119)103-76(131)55(27-44-14-16-48(113)17-15-44)99-63(115)36-94-71(126)61(37-112)110-81(136)60(32-67(122)123)108-79(134)58(29-46-34-91-39-96-46)106-72(127)50(13-9-25-93-84(88)89)101-77(132)56(26-43-10-5-4-6-11-43)105-74(129)52(19-22-64(116)117)100-69(124)42(3)98-70(125)49(86)31-66(120)121/h4-6,10-11,14-17,33-35,38-42,49-61,68,112-113H,7-9,12-13,18-32,36-37,85-86H2,1-3H3,(H2,87,114)(H,90,95)(H,91,96)(H,92,97)(H,94,126)(H,98,125)(H,99,115)(H,100,124)(H,101,132)(H,102,133)(H,103,131)(H,104,128)(H,105,129)(H,106,127)(H,107,135)(H,108,134)(H,109,137)(H,110,136)(H,111,130)(H,116,117)(H,118,119)(H,120,121)(H,122,123)(H,138,139)(H4,88,89,93)",CC(C)C(C(=O)NC(CC1=CNC=N1)C(=O)NC(CC2=CNC=N2)C(=O)NC(CCC(=O)N)C(=O)NC(CCCCN)C(=O)O)NC(=O)C(CCC(=O)O)NC(=O)C(CC3=CC=C(C=C3)O)NC(=O)CNC(=O)C(CO)NC(=O)C(CC(=O)O)NC(=O)C(CC4=CNC=N4)NC(=O)C(CCCNC(=N)N)NC(=O)C(CC5=CC=CC=C5)NC(=O)C(CCC(=O)O)NC(=O)C(C)NC(=O)C(CC(=O)O)N,CC(C)C(C(=O)NC(CC1=CNC=N1)C(=O)NC(CC2=CNC=N2)C(=O)NC(CCC(=O)N)C(=O)NC(CCCCN)C(=O)O)NC(=O)C(CCC(=O)O)NC(=O)C(CC3=CC=C(C=C3)O)NC(=O)CNC(=O)C(CO)NC(=O)C(CC(=O)O)NC(=O)C(CC4=CNC=N4)NC(=O)C(CCCNC(=N)N)NC(=O)C(CC5=CC=CC=C5)NC(=O)C(CCC(=O)O)NC(=O)C(C)NC(=O)C(CC(=O)O)N,PKSRFXGDLPWBBS-UHFFFAOYSA-N,6-amino-2-[[5-amino-2-[[2-[[2-[[2-[[2-[[2-[[2-[[2-[[2-[[2-[[2-[[2-[[2-[2-[(2-amino-3-carboxypropanoyl)amino]propanoylamino]-4-carboxybutanoyl]amino]-3-phenylpropanoyl]amino]-5-carbamimidamidopentanoyl]amino]-3-(1H-imidazol-4-yl)propanoyl]amino]-3-carboxypropanoyl]amino]-3-hydroxypropanoyl]amino]acetyl]amino]-3-(4-hydroxyphenyl)propanoyl]amino]-4-carboxybutanoyl]amino]-3-methylbutanoyl]amino]-3-(1H-imidazol-4-yl)propanoyl]amino]-3-(1H-imidazol-4-yl)propanoyl]amino]-5-oxopentanoyl]amino]hexanoic acid,1953.87,1953.87,0,1,0,15,0,15,0,0,0,80,0,0,2D,NULL,Classification|Literature,2,NULL,20200610,"001Chemical|BenchChem|BOC Sciences|CreativePeptides|CymitQuimica|J&H Chemical Co.,ltd|MolCore BioPharmatech|Pi Chemicals|RR Scientific|Smolecule|Starshine Chemical|THE BioTek",Chemical Vendors|Research and Development,NULL
4413247,2-[[2-[[2-[[2-[(2-Amino-3-methylpentanoyl)amino]-3-methylpentanoyl]amino]acetyl]amino]-4-methylpentanoyl]amino]-4-methylsulfanylbutanoic acid,beta-Amyloid (31-35)|b-Amyloid 31-35(TFA)|??-Amyloid (31-35)|??-Amyloid 31-35(TFA)|AKOS040759164|2-[[2-[[2-[[2-[(2-amino-3-methylpentanoyl)amino]-3-methylpentanoyl]amino]acetyl]amino]-4-methylpentanoyl]amino]-4-methylsulfanylbutanoic acid,545.700,C25H47N5O6S,205.000,766.000,-1.100,37,6,8,18,"InChI=1S/C25H47N5O6S/c1-8-15(5)20(26)23(33)30-21(16(6)9-2)24(34)27-13-19(31)28-18(12-14(3)4)22(32)29-17(25(35)36)10-11-37-7/h14-18,20-21H,8-13,26H2,1-7H3,(H,27,34)(H,28,31)(H,29,32)(H,30,33)(H,35,36)",CCC(C)C(C(=O)NC(C(C)CC)C(=O)NCC(=O)NC(CC(C)C)C(=O)NC(CCSC)C(=O)O)N,CCC(C)C(C(=O)NC(C(C)CC)C(=O)NCC(=O)NC(CC(C)C)C(=O)NC(CCSC)C(=O)O)N,ZMDGLWRNBGRYQB-UHFFFAOYSA-N,2-[[2-[[2-[[2-[(2-amino-3-methylpentanoyl)amino]-3-methylpentanoyl]amino]acetyl]amino]-4-methylpentanoyl]amino]-4-methylsulfanylbutanoic acid,545.325,545.325,0,1,0,6,0,6,0,0,0,0,0,0,2D,NULL,NULL,0,NULL,20050914,ABI Chem|AKos Consulting & Solutions|Ambinter|BenchChem|Chem-Space.com Database|ChemDB|ChemSpider|Clearsynth|eNovation Chemicals|MolCore BioPharmatech|MolPort|NextBio|Probes & Drugs portal|TargetMol,Chemical Vendors|Legacy Depositors|Research and Development|Subscription Services,NULL
71581486,Aivvggvmlgiiagknsgvdeaffvlkqhhveygsdhrfead,AIVVGGVMLGIIAGKNSGVDEAFFVLKQHHVEYGSDHRFEAD|317366-82-8|C203H311N55O60S|DTXSID40856169|PUBCHEM_71581486|HB9159|Amyloid beta peptide (42-1) (human)|beta-Amyloid Peptide (42-1) (human),4514.000,C203H311N55O60S,1850.000,11000.000,-12.200,319,62,68,151,"InChI=1S/C203H311N55O60S/c1-28-106(20)164(252-151(269)92-218-171(286)129(71-98(4)5)237-181(296)128(66-70-319-27)235-194(309)159(101(10)11)250-149(267)88-215-146(264)87-220-193(308)158(100(8)9)255-198(313)163(105(18)19)256-201(316)166(108(22)30-3)257-167(282)109(23)206)200(315)258-165(107(21)29-2)199(314)226-110(24)168(283)216-89-147(265)227-121(51-40-42-67-204)176(291)244-138(80-145(208)263)187(302)249-142(93-259)173(288)219-91-150(268)251-160(102(12)13)195(310)247-140(82-156(278)279)188(303)233-126(60-64-153(272)273)175(290)224-111(25)169(284)236-132(73-113-45-34-31-35-46-113)184(299)240-134(75-115-49-38-33-39-50-115)190(305)253-162(104(16)17)197(312)246-130(72-99(6)7)182(297)229-122(52-41-43-68-205)177(292)231-124(58-62-144(207)262)179(294)241-136(78-118-85-212-96-222-118)186(301)243-137(79-119-86-213-97-223-119)191(306)254-161(103(14)15)196(311)234-127(61-65-154(274)275)180(295)238-131(76-116-54-56-120(261)57-55-116)172(287)217-90-148(266)228-143(94-260)192(307)245-139(81-155(276)277)189(304)242-135(77-117-84-211-95-221-117)185(300)230-123(53-44-69-214-203(209)210)178(293)239-133(74-114-47-36-32-37-48-114)183(298)232-125(59-63-152(270)271)174(289)225-112(26)170(285)248-141(202(317)318)83-157(280)281/h31-39,45-50,54-57,84-86,95-112,121-143,158-166,259-261H,28-30,40-44,51-53,58-83,87-94,204-206H2,1-27H3,(H2,207,262)(H2,208,263)(H,211,221)(H,212,222)(H,213,223)(H,215,264)(H,216,283)(H,217,287)(H,218,286)(H,219,288)(H,220,308)(H,224,290)(H,225,289)(H,226,314)(H,227,265)(H,228,266)(H,229,297)(H,230,300)(H,231,292)(H,232,298)(H,233,303)(H,234,311)(H,235,309)(H,236,284)(H,237,296)(H,238,295)(H,239,293)(H,240,299)(H,241,294)(H,242,304)(H,243,301)(H,244,291)(H,245,307)(H,246,312)(H,247,310)(H,248,285)(H,249,302)(H,250,267)(H,251,268)(H,252,269)(H,253,305)(H,254,306)(H,255,313)(H,256,316)(H,257,282)(H,258,315)(H,270,271)(H,272,273)(H,274,275)(H,276,277)(H,278,279)(H,280,281)(H,317,318)(H4,209,210,214)/t106?,107?,108?,109-,110-,111+,112+,121-,122+,123+,124+,125+,126+,127+,128-,129-,130+,131+,132+,133+,134+,135+,136+,137+,138-,139+,140+,141+,142-,143+,158-,159-,160+,161+,162+,163-,164-,165-,166-/m0/s1",CCC(C)[C@@H](C(=O)N[C@@H](C(C)CC)C(=O)N[C@@H](C)C(=O)NCC(=O)N[C@@H](CCCCN)C(=O)N[C@@H](CC(=O)N)C(=O)N[C@@H](CO)C(=O)NCC(=O)N[C@H](C(C)C)C(=O)N[C@H](CC(=O)O)C(=O)N[C@H](CCC(=O)O)C(=O)N[C@H](C)C(=O)N[C@H](CC1=CC=CC=C1)C(=O)N[C@H](CC2=CC=CC=C2)C(=O)N[C@H](C(C)C)C(=O)N[C@H](CC(C)C)C(=O)N[C@H](CCCCN)C(=O)N[C@H](CCC(=O)N)C(=O)N[C@H](CC3=CNC=N3)C(=O)N[C@H](CC4=CNC=N4)C(=O)N[C@H](C(C)C)C(=O)N[C@H](CCC(=O)O)C(=O)N[C@H](CC5=CC=C(C=C5)O)C(=O)NCC(=O)N[C@H](CO)C(=O)N[C@H](CC(=O)O)C(=O)N[C@H](CC6=CNC=N6)C(=O)N[C@H](CCCNC(=N)N)C(=O)N[C@H](CC7=CC=CC=C7)C(=O)N[C@H](CCC(=O)O)C(=O)N[C@H](C)C(=O)N[C@H](CC(=O)O)C(=O)O)NC(=O)CNC(=O)[C@H](CC(C)C)NC(=O)[C@H](CCSC)NC(=O)[C@H](C(C)C)NC(=O)CNC(=O)CNC(=O)[C@H](C(C)C)NC(=O)[C@H](C(C)C)NC(=O)[C@H](C(C)CC)NC(=O)[C@H](C)N,CCC(C)C(C(=O)NC(C(C)CC)C(=O)NC(C)C(=O)NCC(=O)NC(CCCCN)C(=O)NC(CC(=O)N)C(=O)NC(CO)C(=O)NCC(=O)NC(C(C)C)C(=O)NC(CC(=O)O)C(=O)NC(CCC(=O)O)C(=O)NC(C)C(=O)NC(CC1=CC=CC=C1)C(=O)NC(CC2=CC=CC=C2)C(=O)NC(C(C)C)C(=O)NC(CC(C)C)C(=O)NC(CCCCN)C(=O)NC(CCC(=O)N)C(=O)NC(CC3=CNC=N3)C(=O)NC(CC4=CNC=N4)C(=O)NC(C(C)C)C(=O)NC(CCC(=O)O)C(=O)NC(CC5=CC=C(C=C5)O)C(=O)NCC(=O)NC(CO)C(=O)NC(CC(=O)O)C(=O)NC(CC6=CNC=N6)C(=O)NC(CCCNC(=N)N)C(=O)NC(CC7=CC=CC=C7)C(=O)NC(CCC(=O)O)C(=O)NC(C)C(=O)NC(CC(=O)O)C(=O)O)NC(=O)CNC(=O)C(CC(C)C)NC(=O)C(CCSC)NC(=O)C(C(C)C)NC(=O)CNC(=O)CNC(=O)C(C(C)C)NC(=O)C(C(C)C)NC(=O)C(C(C)CC)NC(=O)C(C)N,QBEAMNLSDYIUGM-TYMWQTOHSA-N,(2R)-2-[[(2R)-2-[[(2R)-2-[[(2R)-2-[[(2R)-2-[[(2R)-2-[[(2R)-2-[[(2R)-2-[[2-[[(2R)-2-[[(2R)-2-[[(2R)-2-[[(2R)-2-[[(2R)-2-[[(2R)-5-amino-2-[[(2R)-6-amino-2-[[(2R)-2-[[(2R)-2-[[(2R)-2-[[(2R)-2-[[(2R)-2-[[(2R)-2-[[(2R)-2-[[(2R)-2-[[2-[[(2S)-2-[[(2S)-4-amino-2-[[(2S)-6-amino-2-[[2-[[(2S)-2-[[(2S)-2-[[(2S)-2-[[2-[[(2S)-2-[[(2S)-2-[[(2S)-2-[[2-[[2-[[(2S)-2-[[(2S)-2-[[(2S)-2-[[(2S)-2-aminopropanoyl]amino]-3-methylpentanoyl]amino]-3-methylbutanoyl]amino]-3-methylbutanoyl]amino]acetyl]amino]acetyl]amino]-3-methylbutanoyl]amino]-4-methylsulfanylbutanoyl]amino]-4-methylpentanoyl]amino]acetyl]amino]-3-methylpentanoyl]amino]-3-methylpentanoyl]amino]propanoyl]amino]acetyl]amino]hexanoyl]amino]-4-oxobutanoyl]amino]-3-hydroxypropanoyl]amino]acetyl]amino]-3-methylbutanoyl]amino]-3-carboxypropanoyl]amino]-4-carboxybutanoyl]amino]propanoyl]amino]-3-phenylpropanoyl]amino]-3-phenylpropanoyl]amino]-3-methylbutanoyl]amino]-4-methylpentanoyl]amino]hexanoyl]amino]-5-oxopentanoyl]amino]-3-(1H-imidazol-4-yl)propanoyl]amino]-3-(1H-imidazol-4-yl)propanoyl]amino]-3-methylbutanoyl]amino]-4-carboxybutanoyl]amino]-3-(4-hydroxyphenyl)propanoyl]amino]acetyl]amino]-3-hydroxypropanoyl]amino]-3-carboxypropanoyl]amino]-3-(1H-imidazol-4-yl)propanoyl]amino]-5-carbamimidamidopentanoyl]amino]-3-phenylpropanoyl]amino]-4-carboxybutanoyl]amino]propanoyl]amino]butanedioic acid,4513.28,4511.27,0,1,0,39,36,3,0,0,0,0,0,0,2D,NULL,NULL,0,NULL,20130705,ApexBio Technology|EPA DSSTox|Hello Bio|Pi Chemicals|Starshine Chemical,Chemical Vendors|Curation Efforts|Governmental Organizations|Legacy Depositors|Research and Development,NULL
90470041,H-Glu-asp-val-gly-ser-asn-lys-gly-ala-ile-ile-gly-leu-met-OH,"H-GLU-ASP-VAL-GLY-SER-ASN-LYS-GLY-ALA-ILE-ILE-GLY-LEU-MET-OH|beta-Amyloid(23-35)|-Amyloid (22-35)|Amyloid -Protein (22-35)|PD070597|L-Methionine,l-a-glutamyl-L-a-aspartyl-L-valylglycyl-L-seryl-L-asparaginyl-L-Lysylglycyl-L-alanyl-L-isoleucyl-L-isoleucylglycyl-l-leucyl-",1403.600,C59H102N16O21S,631.000,2730.000,-8.400,97,20,24,49,"InChI=1S/C59H102N16O21S/c1-11-30(7)47(57(93)65-25-42(79)67-36(21-28(3)4)52(88)70-35(59(95)96)18-20-97-10)75-58(94)48(31(8)12-2)74-49(85)32(9)66-41(78)24-63-51(87)34(15-13-14-19-60)69-53(89)37(22-40(62)77)72-55(91)39(27-76)68-43(80)26-64-56(92)46(29(5)6)73-54(90)38(23-45(83)84)71-50(86)33(61)16-17-44(81)82/h28-39,46-48,76H,11-27,60-61H2,1-10H3,(H2,62,77)(H,63,87)(H,64,92)(H,65,93)(H,66,78)(H,67,79)(H,68,80)(H,69,89)(H,70,88)(H,71,86)(H,72,91)(H,73,90)(H,74,85)(H,75,94)(H,81,82)(H,83,84)(H,95,96)/t30-,31-,32-,33-,34-,35-,36-,37-,38-,39-,46-,47-,48-/m0/s1",CC[C@H](C)[C@@H](C(=O)N[C@@H]([C@@H](C)CC)C(=O)NCC(=O)N[C@@H](CC(C)C)C(=O)N[C@@H](CCSC)C(=O)O)NC(=O)[C@H](C)NC(=O)CNC(=O)[C@H](CCCCN)NC(=O)[C@H](CC(=O)N)NC(=O)[C@H](CO)NC(=O)CNC(=O)[C@H](C(C)C)NC(=O)[C@H](CC(=O)O)NC(=O)[C@H](CCC(=O)O)N,CCC(C)C(C(=O)NC(C(C)CC)C(=O)NCC(=O)NC(CC(C)C)C(=O)NC(CCSC)C(=O)O)NC(=O)C(C)NC(=O)CNC(=O)C(CCCCN)NC(=O)C(CC(=O)N)NC(=O)C(CO)NC(=O)CNC(=O)C(C(C)C)NC(=O)C(CC(=O)O)NC(=O)C(CCC(=O)O)N,KUDAPIFTNDCCFG-VFWKLOCLSA-N,"(4S)-4-amino-5-[[(2S)-1-[[(2S)-1-[[2-[[(2S)-1-[[(2S)-4-amino-1-[[(2S)-6-amino-1-[[2-[[(2S)-1-[[(2S,3S)-1-[[(2S,3S)-1-[[2-[[(2S)-1-[[(1S)-1-carboxy-3-methylsulfanylpropyl]amino]-4-methyl-1-oxopentan-2-yl]amino]-2-oxoethyl]amino]-3-methyl-1-oxopentan-2-yl]amino]-3-methyl-1-oxopentan-2-yl]amino]-1-oxopropan-2-yl]amino]-2-oxoethyl]amino]-1-oxohexan-2-yl]amino]-1,4-dioxobutan-2-yl]amino]-3-hydroxy-1-oxopropan-2-yl]amino]-2-oxoethyl]amino]-3-methyl-1-oxobutan-2-yl]amino]-3-carboxy-1-oxopropan-2-yl]amino]-5-oxopentanoic acid",1402.71,1402.71,0,1,0,13,13,0,0,0,0,0,0,0,2D,NULL,NULL,0,NULL,20150216,"001Chemical|A2B Chem|AA BLOCKS|Alfa Chemistry|Chemieliva Pharmaceutical Co., Ltd|ChemMol|Japan Chemical Substance Dictionary (Nikkaji)|LabNetwork, a WuXi AppTec Company|MolPort|Probes & Drugs portal",Chemical Vendors|Governmental Organizations|Legacy Depositors|Research and Development,NULL
90488761,CID 90488761,"166090-74-0|beta-Amyloid (1-42), rat|Amyloid ?-peptide (1-42) (rat)|AKOS024457093|CID 90488761|S-166090-74-0",4418.000,C199H307N53O59S,1800.000,10800.000,-12.100,312,60,66,149,"InChI=1S/C199H307N53O59S/c1-28-105(20)161(191(303)216-91-146(261)223-127(72-97(4)5)179(291)233-126(67-71-312-27)177(289)245-155(99(8)9)189(301)214-86-142(257)210-87-148(263)244-157(101(12)13)194(306)249-160(104(18)19)195(307)252-162(106(21)29-2)196(308)222-111(26)198(310)311)251-197(309)163(107(22)30-3)250-166(278)108(23)219-143(258)88-211-168(280)119(56-43-45-68-200)229-184(296)135(81-141(204)256)239-188(300)139(94-254)226-147(262)92-215-190(302)156(100(10)11)246-187(299)137(83-154(274)275)240-175(287)124(61-65-150(266)267)228-165(277)110(25)221-178(290)131(76-114-52-39-33-40-53-114)237-181(293)132(77-115-54-41-34-42-55-115)242-193(305)159(103(16)17)248-186(298)128(73-98(6)7)235-171(283)120(57-44-46-69-201)230-173(285)122(59-63-140(203)255)231-183(295)134(79-117-85-208-96-218-117)238-172(284)121(58-47-70-209-199(205)206)234-192(304)158(102(14)15)247-176(288)125(62-66-151(268)269)232-180(292)130(75-113-50-37-32-38-51-113)224-144(259)90-213-170(282)138(93-253)243-185(297)136(82-153(272)273)241-182(294)133(78-116-84-207-95-217-116)225-145(260)89-212-169(281)129(74-112-48-35-31-36-49-112)236-174(286)123(60-64-149(264)265)227-164(276)109(24)220-167(279)118(202)80-152(270)271/h31-42,48-55,84-85,95-111,118-139,155-163,253-254H,28-30,43-47,56-83,86-94,200-202H2,1-27H3,(H2,203,255)(H2,204,256)(H,207,217)(H,208,218)(H,210,257)(H,211,280)(H,212,281)(H,213,282)(H,214,301)(H,215,302)(H,216,303)(H,219,258)(H,220,279)(H,221,290)(H,222,308)(H,223,261)(H,224,259)(H,225,260)(H,226,262)(H,227,276)(H,228,277)(H,229,296)(H,230,285)(H,231,295)(H,232,292)(H,233,291)(H,234,304)(H,235,283)(H,236,286)(H,237,293)(H,238,284)(H,239,300)(H,240,287)(H,241,294)(H,242,305)(H,243,297)(H,244,263)(H,245,289)(H,246,299)(H,247,288)(H,248,298)(H,249,306)(H,250,278)(H,251,309)(H,252,307)(H,264,265)(H,266,267)(H,268,269)(H,270,271)(H,272,273)(H,274,275)(H,310,311)(H4,205,206,209)/t105-,106-,107-,108-,109-,110-,111-,118-,119-,120-,121-,122-,123-,124-,125-,126-,127-,128-,129-,130-,131-,132-,133-,134-,135-,136-,137-,138-,139-,155-,156-,157-,158-,159-,160-,161-,162-,163-/m0/s1",CC[C@H](C)[C@@H](C(=O)N[C@@H]([C@@H](C)CC)C(=O)NCC(=O)N[C@@H](CC(C)C)C(=O)N[C@@H](CCSC)C(=O)N[C@@H](C(C)C)C(=O)NCC(=O)NCC(=O)N[C@@H](C(C)C)C(=O)N[C@@H](C(C)C)C(=O)N[C@@H]([C@@H](C)CC)C(=O)N[C@@H](C)C(=O)O)NC(=O)[C@H](C)NC(=O)CNC(=O)[C@H](CCCCN)NC(=O)[C@H](CC(=O)N)NC(=O)[C@H](CO)NC(=O)CNC(=O)[C@H](C(C)C)NC(=O)[C@H](CC(=O)O)NC(=O)[C@H](CCC(=O)O)NC(=O)[C@H](C)NC(=O)[C@H](CC1=CC=CC=C1)NC(=O)[C@H](CC2=CC=CC=C2)NC(=O)[C@H](C(C)C)NC(=O)[C@H](CC(C)C)NC(=O)[C@H](CCCCN)NC(=O)[C@H](CCC(=O)N)NC(=O)[C@H](CC3=CNC=N3)NC(=O)[C@H](CCCNC(=N)N)NC(=O)[C@H](C(C)C)NC(=O)[C@H](CCC(=O)O)NC(=O)[C@H](CC4=CC=CC=C4)NC(=O)CNC(=O)[C@H](CO)NC(=O)[C@H](CC(=O)O)NC(=O)[C@H](CC5=CNC=N5)NC(=O)CNC(=O)[C@H](CC6=CC=CC=C6)NC(=O)[C@H](CCC(=O)O)NC(=O)[C@H](C)NC(=O)[C@H](CC(=O)O)N,CCC(C)C(C(=O)NC(C(C)CC)C(=O)NCC(=O)NC(CC(C)C)C(=O)NC(CCSC)C(=O)NC(C(C)C)C(=O)NCC(=O)NCC(=O)NC(C(C)C)C(=O)NC(C(C)C)C(=O)NC(C(C)CC)C(=O)NC(C)C(=O)O)NC(=O)C(C)NC(=O)CNC(=O)C(CCCCN)NC(=O)C(CC(=O)N)NC(=O)C(CO)NC(=O)CNC(=O)C(C(C)C)NC(=O)C(CC(=O)O)NC(=O)C(CCC(=O)O)NC(=O)C(C)NC(=O)C(CC1=CC=CC=C1)NC(=O)C(CC2=CC=CC=C2)NC(=O)C(C(C)C)NC(=O)C(CC(C)C)NC(=O)C(CCCCN)NC(=O)C(CCC(=O)N)NC(=O)C(CC3=CNC=N3)NC(=O)C(CCCNC(=N)N)NC(=O)C(C(C)C)NC(=O)C(CCC(=O)O)NC(=O)C(CC4=CC=CC=C4)NC(=O)CNC(=O)C(CO)NC(=O)C(CC(=O)O)NC(=O)C(CC5=CNC=N5)NC(=O)CNC(=O)C(CC6=CC=CC=C6)NC(=O)C(CCC(=O)O)NC(=O)C(C)NC(=O)C(CC(=O)O)N,HAWSUONKNKRLRH-QSLPLQOHSA-N,"(4S)-5-[[(2S)-1-[[2-[[(2S)-1-[[(2S)-1-[[(2S)-1-[[2-[[(2S)-1-[[(2S)-1-[[(2S)-1-[[(2S)-1-[[(2S)-1-[[(2S)-5-amino-1-[[(2S)-6-amino-1-[[(2S)-1-[[(2S)-1-[[(2S)-1-[[(2S)-1-[[(2S)-1-[[(2S)-1-[[(2S)-1-[[(2S)-1-[[2-[[(2S)-1-[[(2S)-4-amino-1-[[(2S)-6-amino-1-[[2-[[(2S)-1-[[(2S,3S)-1-[[(2S,3S)-1-[[2-[[(2S)-1-[[(2S)-1-[[(2S)-1-[[2-[[2-[[(2S)-1-[[(2S)-1-[[(2S,3S)-1-[[(1S)-1-carboxyethyl]amino]-3-methyl-1-oxopentan-2-yl]amino]-3-methyl-1-oxobutan-2-yl]amino]-3-methyl-1-oxobutan-2-yl]amino]-2-oxoethyl]amino]-2-oxoethyl]amino]-3-methyl-1-oxobutan-2-yl]amino]-4-methylsulfanyl-1-oxobutan-2-yl]amino]-4-methyl-1-oxopentan-2-yl]amino]-2-oxoethyl]amino]-3-methyl-1-oxopentan-2-yl]amino]-3-methyl-1-oxopentan-2-yl]amino]-1-oxopropan-2-yl]amino]-2-oxoethyl]amino]-1-oxohexan-2-yl]amino]-1,4-dioxobutan-2-yl]amino]-3-hydroxy-1-oxopropan-2-yl]amino]-2-oxoethyl]amino]-3-methyl-1-oxobutan-2-yl]amino]-3-carboxy-1-oxopropan-2-yl]amino]-4-carboxy-1-oxobutan-2-yl]amino]-1-oxopropan-2-yl]amino]-1-oxo-3-phenylpropan-2-yl]amino]-1-oxo-3-phenylpropan-2-yl]amino]-3-methyl-1-oxobutan-2-yl]amino]-4-methyl-1-oxopentan-2-yl]amino]-1-oxohexan-2-yl]amino]-1,5-dioxopentan-2-yl]amino]-3-(1H-imidazol-4-yl)-1-oxopropan-2-yl]amino]-5-carbamimidamido-1-oxopentan-2-yl]amino]-3-methyl-1-oxobutan-2-yl]amino]-4-carboxy-1-oxobutan-2-yl]amino]-1-oxo-3-phenylpropan-2-yl]amino]-2-oxoethyl]amino]-3-hydroxy-1-oxopropan-2-yl]amino]-3-carboxy-1-oxopropan-2-yl]amino]-3-(1H-imidazol-4-yl)-1-oxopropan-2-yl]amino]-2-oxoethyl]amino]-1-oxo-3-phenylpropan-2-yl]amino]-4-[[(2S)-2-[[(2S)-2-amino-3-carboxypropanoyl]amino]propanoyl]amino]-5-oxopentanoic acid",4417.24,4415.24,0,1,0,38,38,0,0,0,0,0,0,0,2D,NULL,NULL,0,NULL,20150223,"Adooq BioScience|AKos Consulting & Solutions|Aurora Fine Chemicals LLC|BenchChem|BOC Sciences|CymitQuimica|J&H Chemical Co.,ltd|Smolecule|THE BioTek|Tocris Bioscience",Chemical Vendors|Legacy Depositors,NULL
9882580,"Phenol, 3,3'-(3,6-pyridazinediyldiimino)bis-","530112-00-6|RS-0406|Phenol, 3,3'-(3,6-pyridazinediyldiimino)bis-|3,3'-(Pyridazine-3,6-diylbis(azanediyl))diphenol|3-[[6-(3-hydroxyanilino)pyridazin-3-yl]amino]phenol|beta-amyloid-synthesis-inhibitor|SCHEMBL1317961|CHEMBL4303349|DTXSID80432345|EX-A5203|AKOS040753839|PD063296|n,n'-bis(3-hydroxyphenyl)pyridazine-3,6-diamine|BRD-K38687824-001-01-7|3-({6-[(3-hydroxyphenyl)amino]pyridazin-3-yl}amino)phenol",294.310,C16H14N4O2,90.300,312.000,2.900,22,4,6,4,"InChI=1S/C16H14N4O2/c21-13-5-1-3-11(9-13)17-15-7-8-16(20-19-15)18-12-4-2-6-14(22)10-12/h1-10,21-22H,(H,17,19)(H,18,20)",C1=CC(=CC(=C1)O)NC2=NN=C(C=C2)NC3=CC(=CC=C3)O,C1=CC(=CC(=C1)O)NC2=NN=C(C=C2)NC3=CC(=CC=C3)O,GYNDFOLSPPBBIK-UHFFFAOYSA-N,3-[[6-(3-hydroxyanilino)pyridazin-3-yl]amino]phenol,294.112,294.112,0,1,0,0,0,0,0,0,0,9,21,3,2D+3D,NULL,Biological Test Results|Classification|Literature|Patents,4,1259416|1259421|1409598|1640020|1645758,20061025,"001Chemical|A2B Chem|AA BLOCKS|AKos Consulting & Solutions|BenchChem|Broad Institute|ChEMBL|Chemenu Inc.|Chemieliva Pharmaceutical Co., Ltd|ChemSpider|ChemTik|Davey Lab, Department of Microbiology, NEIDL, Boston University|DC Chemicals|DiscoveryGate|eNovation Chemicals|EPA DSSTox|Excenen Pharmatech|Google Patents|IBM|J&H Chemical Co.,ltd|Japan Chemical Substance Dictionary (Nikkaji)|Mcule|MolPort|NextBio|PATENTSCOPE (WIPO)|Probes & Drugs portal|RR Scientific|Smolecule|Springer Nature|SureChEMBL|THE BioTek|Thomson Pharma|Wikidata|ZINC",Chemical Vendors|Curation Efforts|Governmental Organizations|Journal Publishers|Legacy Depositors|NIH Initiatives|Research and Development|Subscription Services,NULL
5094836,2-[[2-[[2-[(2-Amino-3-methylpentanoyl)amino]acetyl]amino]-4-methylpentanoyl]amino]-4-methylsulfanylbutanoic acid,151151-30-3|BETA-AMYLOID (32-35)|2-[[2-[[2-[(2-amino-3-methylpentanoyl)amino]acetyl]amino]-4-methylpentanoyl]amino]-4-methylsulfanylbutanoic acid|CID 5094836|AGN-PC-0BIRZA|DTXSID70408251,432.600,C19H36N4O5S,176.000,559.000,-1.200,29,5,7,14,"InChI=1S/C19H36N4O5S/c1-6-12(4)16(20)18(26)21-10-15(24)22-14(9-11(2)3)17(25)23-13(19(27)28)7-8-29-5/h11-14,16H,6-10,20H2,1-5H3,(H,21,26)(H,22,24)(H,23,25)(H,27,28)",CCC(C)C(C(=O)NCC(=O)NC(CC(C)C)C(=O)NC(CCSC)C(=O)O)N,CCC(C)C(C(=O)NCC(=O)NC(CC(C)C)C(=O)NC(CCSC)C(=O)O)N,WLDVPWVIEXLOPP-UHFFFAOYSA-N,2-[[2-[[2-[(2-amino-3-methylpentanoyl)amino]acetyl]amino]-4-methylpentanoyl]amino]-4-methylsulfanylbutanoic acid,432.241,432.241,0,1,0,4,0,4,0,0,0,0,0,0,2D,NULL,NULL,0,NULL,20050918,"A2B Chem|AA BLOCKS|ABI Chem|Ambinter|Aurora Fine Chemicals LLC|BenchChem|Chembase.cn|ChemDB|ChemSpider|CymitQuimica|EPA DSSTox|Hairui Chemical|J&H Chemical Co.,ltd|NextBio|RR Scientific|Sigma-Aldrich|Smolecule|THE BioTek",Chemical Vendors|Curation Efforts|Governmental Organizations|Legacy Depositors|Research and Development|Subscription Services,NULL
